,사고번호,사고일시,요일,시군구,사고내용,사망자수,중상자수,경상자수,부상신고자수,사고유형,법규위반,노면상태,기상상태,도로형태,가해운전자 차종,가해운전자 성별,가해운전자 연령,가해운전자 상해정도,피해운전자 차종,피해운전자 성별,피해운전자 연령,피해운전자 상해정도
218,2018022600100418,2018년 2월 26일 17시,월요일,전라북도 진안군 진안읍,중상사고,0,1,0,0,차대사람 - 횡단중,보행자보호의무위반,포장 - 건조,맑음,단일로 - 기타,승용,남,56세,상해없음,보행자,여,2세,중상
219,2018022800100026,2018년 2월 28일 02시,수요일,전라북도 전주시 완산구 서노송동,경상사고,0,0,1,0,차대사람 - 횡단중,안전운전불이행,포장 - 건조,맑음,교차로 - 교차로안,승용,여,53세,상해없음,보행자,남,54세,경상
220,2018022800100085,2018년 2월 28일 08시,수요일,전라북도 정읍시 감곡면,중상사고,0,2,0,0,차대사람 - 횡단중,보행자보호의무위반,포장 - 건조,맑음,교차로 - 교차로안,이륜,남,82세,중상,보행자,여,83세,중상
221,2018022800100164,2018년 2월 28일 11시,수요일,전라북도 익산시 남중동,중상사고,0,1,0,0,차대사람 - 횡단중,안전운전불이행,포장 - 건조,맑음,단일로 - 기타,화물,남,37세,상해없음,보행자,남,90세 이상,중상
222,2018022800100228,2018년 2월 28일 13시,수요일,전라북도 전주시 완산구 풍남동3가,경상사고,0,0,1,0,차대사람 - 횡단중,보행자보호의무위반,포장 - 젖음/습기,비,교차로 - 교차로부근,승합,남,54세,상해없음,보행자,여,47세,경상
223,2018022800100393,2018년 2월 28일 17시,수요일,전라북도 정읍시 연지동,중상사고,0,1,0,0,차대사람 - 횡단중,안전운전불이행,포장 - 젖음/습기,비,단일로 - 기타,승용,남,51세,상해없음,보행자,여,54세,중상
224,2018022800100452,2018년 2월 28일 18시,수요일,전라북도 전주시 덕진구 인후동1가,중상사고,0,1,0,0,차대사람 - 차도통행중,안전운전불이행,포장 - 젖음/습기,비,단일로 - 기타,이륜,남,54세,상해없음,보행자,여,73세,중상
225,2018022800100520,2018년 2월 28일 19시,수요일,전라북도 군산시 대야면,경상사고,0,0,1,0,차대사람 - 횡단중,안전운전불이행,포장 - 젖음/습기,비,단일로 - 기타,화물,남,77세,상해없음,보행자,여,76세,경상
226,2018022800100581,2018년 2월 28일 20시,수요일,전라북도 군산시 미장동,경상사고,0,0,1,0,차대사람 - 횡단중,안전운전불이행,포장 - 젖음/습기,비,교차로 - 교차로안,화물,남,43세,상해없음,보행자,여,13세,경상
227,2018022800100642,2018년 2월 28일 21시,수요일,전라북도 전주시 덕진구 금암동,중상사고,0,1,0,0,차대사람 - 횡단중,보행자보호의무위반,포장 - 젖음/습기,비,단일로 - 기타,승용,남,39세,상해없음,보행자,남,55세,중상
228,2018022800100643,2018년 2월 28일 21시,수요일,전라북도 군산시 미룡동,경상사고,0,0,1,0,차대사람 - 횡단중,안전운전불이행,포장 - 젖음/습기,비,교차로 - 교차로횡단보도내,승용,남,30세,상해없음,보행자,남,18세,경상
229,2018022800100644,2018년 2월 28일 21시,수요일,전라북도 익산시 어양동,중상사고,0,1,0,0,차대사람 - 횡단중,보행자보호의무위반,포장 - 젖음/습기,비,교차로 - 교차로횡단보도내,승용,남,49세,상해없음,보행자,남,51세,중상
230,2018022800100645,2018년 2월 28일 21시,수요일,전라북도 김제시 순동,사망사고,1,0,0,0,차대사람 - 기타,안전운전불이행,포장 - 젖음/습기,비,단일로 - 기타,화물,남,40세,기타불명,보행자,여,70세,사망
231,2018030200100125,2018년 3월 2일 09시,금요일,전라북도 전주시 완산구 서완산동1가,중상사고,0,1,0,0,차대사람 - 횡단중,보행자보호의무위반,포장 - 건조,맑음,교차로 - 교차로부근,화물,남,51세,상해없음,보행자,여,84세,중상
232,2018030200100216,2018년 3월 2일 12시,금요일,전라북도 군산시 산북동,중상사고,0,1,0,0,차대사람 - 횡단중,보행자보호의무위반,포장 - 건조,맑음,교차로 - 교차로안,승합,남,66세,상해없음,보행자,남,80세,중상
233,2018030200100369,2018년 3월 2일 16시,금요일,전라북도 전주시 완산구 서신동,경상사고,0,0,1,0,차대사람 - 차도통행중,안전운전불이행,포장 - 건조,맑음,단일로 - 기타,승용,여,35세,상해없음,보행자,남,6세,경상
234,2018030200100584,2018년 3월 2일 22시,금요일,전라북도 군산시 경암동,중상사고,0,2,0,0,차대사람 - 횡단중,보행자보호의무위반,포장 - 건조,맑음,교차로 - 교차로부근,화물,남,75세,상해없음,보행자,여,51세,중상
235,2018030300100131,2018년 3월 3일 10시,토요일,전라북도 전주시 덕진구 동산동,경상사고,0,0,1,0,차대사람 - 횡단중,보행자보호의무위반,포장 - 건조,맑음,교차로 - 교차로횡단보도내,승용,여,35세,상해없음,보행자,여,59세,경상
236,2018030300100188,2018년 3월 3일 12시,토요일,전라북도 부안군 상서면,경상사고,0,0,1,0,차대사람 - 기타,안전운전불이행,포장 - 건조,맑음,단일로 - 기타,화물,남,65세,상해없음,보행자,여,63세,경상
237,2018030300100218,2018년 3월 3일 13시,토요일,전라북도 정읍시 입암면,중상사고,0,1,0,0,차대사람 - 기타,안전운전불이행,포장 - 건조,맑음,단일로 - 기타,화물,남,68세,상해없음,보행자,남,68세,중상
238,2018030300100301,2018년 3월 3일 16시,토요일,전라북도 부안군 주산면,경상사고,0,0,1,0,차대사람 - 기타,불법유턴,포장 - 건조,맑음,교차로 - 교차로안,화물,여,58세,상해없음,보행자,남,35세,경상
239,2018030300100457,2018년 3월 3일 21시,토요일,전라북도 전주시 덕진구 덕진동1가,경상사고,0,0,1,0,차대사람 - 기타,안전운전불이행,포장 - 건조,맑음,단일로 - 기타,승용,남,34세,상해없음,보행자,여,19세,경상
240,2018030400100165,2018년 3월 4일 12시,일요일,전라북도 익산시 영등동,경상사고,0,0,1,0,차대사람 - 횡단중,안전운전불이행,포장 - 건조,맑음,교차로 - 교차로부근,승용,여,54세,상해없음,보행자,여,52세,경상
241,2018030400100289,2018년 3월 4일 18시,일요일,전라북도 익산시 동산동,중상사고,0,1,0,0,차대사람 - 횡단중,보행자보호의무위반,포장 - 건조,맑음,교차로 - 교차로횡단보도내,승용,여,34세,상해없음,보행자,남,53세,중상
242,2018030400100377,2018년 3월 4일 21시,일요일,전라북도 전주시 덕진구 송천동2가,중상사고,0,2,0,0,차대사람 - 차도통행중,안전운전불이행,포장 - 젖음/습기,비,교차로 - 교차로안,승용,남,52세,상해없음,보행자,남,51세,중상
243,2018030400100379,2018년 3월 4일 21시,일요일,전라북도 부안군 부안읍,경상사고,0,0,1,0,차대사람 - 횡단중,안전운전불이행,포장 - 젖음/습기,비,교차로 - 교차로안,승용,남,58세,상해없음,보행자,남,43세,경상
244,2018030500100060,2018년 3월 5일 05시,월요일,전라북도 전주시 덕진구 금암동,중상사고,0,1,0,0,차대사람 - 횡단중,신호위반,포장 - 젖음/습기,비,교차로 - 교차로횡단보도내,승용,남,50세,상해없음,보행자,여,72세,중상
245,2018030500100378,2018년 3월 5일 17시,월요일,전라북도 부안군 부안읍,중상사고,0,1,0,0,차대사람 - 기타,보행자보호의무위반,포장 - 건조,흐림,교차로 - 교차로횡단보도내,화물,남,25세,상해없음,보행자,여,82세,중상
246,2018030500100521,2018년 3월 5일 22시,월요일,전라북도 전주시 덕진구 동산동,경상사고,0,0,1,0,차대사람 - 길가장자리구역통행중,안전운전불이행,포장 - 건조,맑음,교차로 - 교차로안,승용,남,51세,상해없음,보행자,여,69세,경상
247,2018030600100173,2018년 3월 6일 10시,화요일,전라북도 고창군 고창읍,중상사고,0,1,0,0,차대사람 - 횡단중,보행자보호의무위반,포장 - 건조,맑음,교차로 - 교차로횡단보도내,승용,여,47세,상해없음,보행자,남,61세,중상
248,2018030600100499,2018년 3월 6일 22시,화요일,전라북도 전주시 완산구 서신동,중상사고,0,1,0,0,차대사람 - 횡단중,보행자보호의무위반,포장 - 건조,맑음,교차로 - 교차로횡단보도내,승용,남,25세,상해없음,보행자,여,57세,중상
249,2018030600100516,2018년 3월 6일 23시,화요일,전라북도 전주시 완산구 평화동2가,중상사고,0,1,0,0,차대사람 - 횡단중,과속,포장 - 건조,맑음,교차로 - 교차로안,승용,남,52세,상해없음,보행자,남,25세,중상
250,2018030700100181,2018년 3월 7일 11시,수요일,전라북도 군산시 나운동,중상사고,0,1,0,0,차대사람 - 기타,안전운전불이행,포장 - 건조,맑음,기타 - 기타,승용,남,55세,상해없음,보행자,여,62세,중상
251,2018030700100268,2018년 3월 7일 15시,수요일,전라북도 익산시 춘포면,경상사고,0,0,1,0,차대사람 - 횡단중,안전운전불이행,포장 - 건조,맑음,교차로 - 교차로부근,화물,남,42세,상해없음,보행자,남,12세,경상
252,2018030700100291,2018년 3월 7일 16시,수요일,전라북도 정읍시 연지동,중상사고,0,1,0,0,차대사람 - 횡단중,보행자보호의무위반,포장 - 건조,맑음,단일로 - 기타,이륜,남,63세,상해없음,보행자,여,62세,중상
253,2018030700100389,2018년 3월 7일 19시,수요일,전라북도 전주시 덕진구 인후동1가,중상사고,0,1,0,0,차대사람 - 횡단중,신호위반,포장 - 젖음/습기,비,교차로 - 교차로횡단보도내,승용,남,65세,상해없음,보행자,남,13세,중상
254,2018030700100466,2018년 3월 7일 21시,수요일,전라북도 전주시 완산구 효자동2가,경상사고,0,0,1,0,차대사람 - 횡단중,신호위반,포장 - 젖음/습기,비,단일로 - 기타,승용,남,61세,상해없음,보행자,남,16세,경상
255,2018030700100548,2018년 3월 7일 23시,수요일,전라북도 전주시 덕진구 팔복동1가,중상사고,0,1,0,0,차대사람 - 횡단중,안전운전불이행,포장 - 젖음/습기,비,단일로 - 기타,승용,남,63세,상해없음,보행자,남,47세,중상
256,2018030800100081,2018년 3월 8일 05시,목요일,전라북도 완주군 삼례읍,중상사고,0,1,0,0,차대사람 - 횡단중,안전운전불이행,포장 - 젖음/습기,비,교차로 - 교차로안,승용,남,61세,상해없음,보행자,여,82세,중상
257,2018030800100329,2018년 3월 8일 15시,목요일,전라북도 완주군 삼례읍,경상사고,0,0,1,0,차대사람 - 기타,안전운전불이행,포장 - 건조,맑음,주차장 - 주차장,기타불명,기타불명,미분류,기타불명,보행자,남,10세,경상
258,2018030800100460,2018년 3월 8일 20시,목요일,전라북도 익산시 영등동,경상사고,0,0,1,0,차대사람 - 횡단중,보행자보호의무위반,포장 - 건조,맑음,교차로 - 교차로횡단보도내,승용,남,64세,상해없음,보행자,남,33세,경상
259,2018030900100024,2018년 3월 9일 01시,금요일,전라북도 군산시 수송동,경상사고,0,0,1,0,차대사람 - 기타,안전운전불이행,포장 - 건조,맑음,교차로 - 교차로안,승용,남,57세,상해없음,보행자,남,43세,경상
260,2018030900100122,2018년 3월 9일 08시,금요일,전라북도 김제시 서암동,중상사고,0,1,0,0,차대사람 - 차도통행중,안전운전불이행,포장 - 건조,맑음,단일로 - 기타,승용,여,64세,상해없음,보행자,여,61세,중상
261,2018030900100204,2018년 3월 9일 13시,금요일,전라북도 정읍시 구룡동,경상사고,0,0,1,0,차대사람 - 차도통행중,안전운전불이행,포장 - 건조,맑음,단일로 - 기타,자전거,남,71세,상해없음,보행자,여,7세,경상
262,2018030900100454,2018년 3월 9일 21시,금요일,전라북도 무주군 무주읍,중상사고,0,1,0,0,차대사람 - 차도통행중,안전운전불이행,포장 - 건조,맑음,단일로 - 기타,승용,남,42세,상해없음,보행자,남,77세,중상
263,2018031000100095,2018년 3월 10일 05시,토요일,전라북도 전주시 덕진구 송천동2가,중상사고,0,1,0,0,차대사람 - 횡단중,보행자보호의무위반,포장 - 건조,기타,단일로 - 기타,승용,남,45세,상해없음,보행자,남,48세,중상
264,2018031000100379,2018년 3월 10일 17시,토요일,전라북도 전주시 덕진구 산정동,경상사고,0,0,1,0,차대사람 - 횡단중,중앙선침범,포장 - 건조,맑음,교차로 - 교차로부근,승용,남,52세,상해없음,보행자,여,64세,경상
265,2018031000100481,2018년 3월 10일 20시,토요일,전라북도 전주시 덕진구 팔복동2가,경상사고,0,0,1,0,차대사람 - 횡단중,안전운전불이행,포장 - 건조,맑음,교차로 - 교차로횡단보도내,승용,남,40세,상해없음,보행자,여,35세,경상
266,2018031100100204,2018년 3월 11일 14시,일요일,전라북도 정읍시 감곡면,중상사고,0,1,0,0,차대사람 - 기타,안전운전불이행,포장 - 건조,맑음,교차로 - 교차로부근,승용,여,63세,상해없음,보행자,여,84세,중상
267,2018031100100375,2018년 3월 11일 20시,일요일,전라북도 군산시 경암동,경상사고,0,0,2,0,차대사람 - 기타,안전운전불이행,포장 - 건조,맑음,기타 - 기타,이륜,남,25세,상해없음,보행자,여,18세,경상
268,2018031100100402,2018년 3월 11일 21시,일요일,전라북도 전주시 완산구 중화산동2가,중상사고,0,1,0,0,차대사람 - 횡단중,안전운전불이행,포장 - 건조,맑음,교차로 - 교차로안,승용,남,66세,상해없음,보행자,여,57세,중상
269,2018031200100087,2018년 3월 12일 08시,월요일,전라북도 군산시 회현면,경상사고,0,0,1,0,차대사람 - 기타,안전운전불이행,포장 - 젖음/습기,안개,단일로 - 기타,농기계,남,74세,상해없음,보행자,남,54세,경상
270,2018031200100250,2018년 3월 12일 13시,월요일,전라북도 김제시 요촌동,경상사고,0,0,1,0,차대사람 - 길가장자리구역통행중,안전운전불이행,포장 - 건조,맑음,교차로 - 교차로안,화물,남,68세,상해없음,보행자,여,79세,경상
271,2018031300100139,2018년 3월 13일 09시,화요일,전라북도 부안군 동진면,중상사고,0,1,0,0,차대사람 - 기타,안전운전불이행,포장 - 건조,맑음,단일로 - 기타,화물,남,56세,상해없음,보행자,여,87세,중상
272,2018031300100413,2018년 3월 13일 18시,화요일,전라북도 부안군 부안읍,부상신고사고,0,0,0,1,차대사람 - 기타,안전운전불이행,포장 - 건조,맑음,단일로 - 기타,기타불명,기타불명,기타불명,기타불명,보행자,남,31세,부상신고
273,2018031300100453,2018년 3월 13일 19시,화요일,전라북도 군산시 서흥남동,경상사고,0,0,1,0,차대사람 - 횡단중,보행자보호의무위반,포장 - 건조,맑음,교차로 - 교차로횡단보도내,승용,남,66세,상해없음,보행자,여,65세,경상
274,2018031300100454,2018년 3월 13일 19시,화요일,전라북도 완주군 봉동읍,중상사고,0,1,0,0,차대사람 - 횡단중,안전운전불이행,포장 - 건조,맑음,교차로 - 교차로부근,화물,남,66세,상해없음,보행자,여,11세,중상
275,2018031400100110,2018년 3월 14일 08시,수요일,전라북도 김제시 신풍동,경상사고,0,0,1,0,차대사람 - 횡단중,안전운전불이행,포장 - 건조,맑음,단일로 - 기타,승용,여,36세,상해없음,보행자,여,24세,경상
276,2018031400100111,2018년 3월 14일 08시,수요일,전라북도 고창군 무장면,중상사고,0,1,0,0,차대사람 - 기타,안전운전불이행,포장 - 건조,맑음,단일로 - 기타,승용,여,54세,상해없음,보행자,남,77세,중상
277,2018031400100211,2018년 3월 14일 11시,수요일,전라북도 전주시 덕진구 금암동,경상사고,0,0,1,0,차대사람 - 차도통행중,안전운전불이행,포장 - 건조,맑음,교차로 - 교차로안,승합,남,49세,상해없음,보행자,여,51세,경상
278,2018031400100298,2018년 3월 14일 14시,수요일,전라북도 전주시 완산구 태평동,중상사고,0,1,0,0,차대사람 - 횡단중,보행자보호의무위반,포장 - 건조,맑음,교차로 - 교차로안,승용,남,66세,상해없음,보행자,여,71세,중상
279,2018031400100339,2018년 3월 14일 15시,수요일,전라북도 군산시 대야면,경상사고,0,0,1,0,차대사람 - 기타,신호위반,포장 - 건조,맑음,교차로 - 교차로부근,화물,남,63세,상해없음,보행자,여,63세,경상
280,2018031400100609,2018년 3월 14일 22시,수요일,전라북도 남원시 도통동,경상사고,0,0,1,0,차대사람 - 기타,안전운전불이행,포장 - 건조,맑음,단일로 - 기타,승용,남,21세,상해없음,보행자,남,45세,경상
281,2018031500100132,2018년 3월 15일 08시,목요일,전라북도 전주시 덕진구 금암동,중상사고,0,1,0,0,차대사람 - 차도통행중,안전운전불이행,포장 - 젖음/습기,비,단일로 - 기타,승용,여,27세,상해없음,보행자,남,23세,중상
282,2018031500100133,2018년 3월 15일 08시,목요일,전라북도 군산시 명산동,경상사고,0,0,1,0,차대사람 - 횡단중,신호위반,포장 - 젖음/습기,비,교차로 - 교차로횡단보도내,화물,남,44세,상해없음,보행자,여,16세,경상
283,2018031500100445,2018년 3월 15일 18시,목요일,전라북도 전주시 덕진구 인후동1가,경상사고,0,0,1,0,차대사람 - 횡단중,보행자보호의무위반,포장 - 젖음/습기,비,교차로 - 교차로안,승용,여,43세,상해없음,보행자,남,68세,경상
284,2018031500100446,2018년 3월 15일 18시,목요일,전라북도 정읍시 신태인읍,중상사고,0,1,0,0,차대사람 - 횡단중,중앙선침범,포장 - 젖음/습기,비,단일로 - 기타,승용,남,51세,상해없음,보행자,여,65세,중상
285,2018031500100490,2018년 3월 15일 19시,목요일,전라북도 전주시 덕진구 인후동1가,중상사고,0,1,0,0,차대사람 - 횡단중,신호위반,포장 - 젖음/습기,비,교차로 - 교차로안,이륜,남,54세,상해없음,보행자,여,77세,중상
286,2018031600100075,2018년 3월 16일 07시,금요일,전라북도 군산시 수송동,중상사고,0,1,0,0,차대사람 - 횡단중,보행자보호의무위반,포장 - 건조,맑음,교차로 - 교차로횡단보도내,화물,남,41세,상해없음,보행자,남,56세,중상
287,2018031600100291,2018년 3월 16일 14시,금요일,전라북도 전주시 덕진구 송천동1가,중상사고,0,1,0,0,차대사람 - 기타,보행자보호의무위반,포장 - 건조,맑음,교차로 - 교차로횡단보도내,승용,여,49세,상해없음,보행자,남,59세,중상
288,2018031600100293,2018년 3월 16일 14시,금요일,전라북도 익산시 창인동1가,경상사고,0,0,1,0,차대사람 - 차도통행중,안전운전불이행,포장 - 건조,맑음,단일로 - 기타,승용,남,69세,상해없음,보행자,여,36세,경상
289,2018031600100432,2018년 3월 16일 18시,금요일,전라북도 군산시 소룡동,중상사고,0,1,0,0,차대사람 - 횡단중,안전운전불이행,포장 - 건조,맑음,단일로 - 기타,승용,여,48세,상해없음,보행자,여,44세,중상
290,2018031600100433,2018년 3월 16일 18시,금요일,전라북도 정읍시 시기동,부상신고사고,0,0,0,1,차대사람 - 횡단중,안전운전불이행,포장 - 건조,맑음,교차로 - 교차로부근,승용,여,45세,상해없음,보행자,남,21세,부상신고
291,2018031600100530,2018년 3월 16일 20시,금요일,전라북도 전주시 완산구 서서학동,경상사고,0,0,1,0,차대사람 - 기타,안전운전불이행,포장 - 건조,맑음,교차로 - 교차로안,승용,남,69세,상해없음,보행자,여,54세,경상
292,2018031700100535,2018년 3월 17일 20시,토요일,전라북도 전주시 완산구 서노송동,경상사고,0,0,1,0,차대사람 - 기타,교차로운행방법위반,포장 - 젖음/습기,비,단일로 - 기타,승합,남,54세,상해없음,보행자,남,61세,경상
293,2018031700100596,2018년 3월 17일 22시,토요일,전라북도 군산시 미룡동,경상사고,0,0,1,0,차대사람 - 차도통행중,안전운전불이행,포장 - 건조,맑음,단일로 - 지하차도(도로)내,승용,여,29세,상해없음,보행자,여,40세,경상
294,2018031700100597,2018년 3월 17일 22시,토요일,전라북도 김제시 요촌동,중상사고,0,1,0,0,차대사람 - 기타,안전운전불이행,포장 - 건조,맑음,교차로 - 교차로안,승용,남,40세,상해없음,보행자,남,54세,중상
295,2018031800100178,2018년 3월 18일 13시,일요일,전라북도 익산시 마동,경상사고,0,0,1,0,차대사람 - 기타,안전운전불이행,포장 - 건조,맑음,교차로 - 교차로횡단보도내,승용,남,45세,상해없음,보행자,여,62세,경상
296,2018031800100348,2018년 3월 18일 19시,일요일,전라북도 전주시 덕진구 송천동2가,경상사고,0,0,1,0,차대사람 - 횡단중,신호위반,포장 - 젖음/습기,비,교차로 - 교차로횡단보도내,승용,남,27세,상해없음,보행자,남,37세,경상
297,2018031800100349,2018년 3월 18일 19시,일요일,전라북도 군산시 중앙로1가,부상신고사고,0,0,0,1,차대사람 - 보도통행중,안전운전불이행,포장 - 젖음/습기,비,단일로 - 기타,승용,남,29세,기타불명,보행자,남,11세,부상신고
298,2018031900100400,2018년 3월 19일 18시,월요일,전라북도 익산시 부송동,경상사고,0,0,1,0,차대사람 - 횡단중,보행자보호의무위반,포장 - 젖음/습기,비,단일로 - 기타,기타불명,남,미분류,기타불명,보행자,남,8세,경상
299,2018031900100440,2018년 3월 19일 19시,월요일,전라북도 남원시 죽항동,중상사고,0,1,0,0,차대사람 - 횡단중,안전운전불이행,포장 - 건조,맑음,교차로 - 교차로안,승용,남,44세,상해없음,보행자,남,53세,중상
300,2018031900100488,2018년 3월 19일 20시,월요일,전라북도 전주시 완산구 고사동,경상사고,0,0,2,0,차대사람 - 기타,안전운전불이행,포장 - 젖음/습기,비,교차로 - 교차로안,기타불명,기타불명,미분류,기타불명,보행자,여,20세,경상
301,2018031900100489,2018년 3월 19일 20시,월요일,전라북도 군산시 나운동,중상사고,0,1,0,0,차대사람 - 횡단중,보행자보호의무위반,포장 - 젖음/습기,비,교차로 - 교차로횡단보도내,승용,여,39세,상해없음,보행자,남,52세,중상
302,2018032000100111,2018년 3월 20일 08시,화요일,전라북도 완주군 구이면,중상사고,0,1,1,0,차대사람 - 기타,안전운전불이행,포장 - 건조,맑음,기타 - 기타,승용,남,34세,상해없음,보행자,여,18세,경상
303,2018032000100201,2018년 3월 20일 11시,화요일,전라북도 익산시 남중동,경상사고,0,0,1,0,차대사람 - 기타,안전운전불이행,포장 - 건조,맑음,단일로 - 기타,승용,여,47세,상해없음,보행자,남,74세,경상
304,2018032000100368,2018년 3월 20일 17시,화요일,전라북도 익산시 모현동1가,경상사고,0,0,1,0,차대사람 - 횡단중,보행자보호의무위반,포장 - 건조,맑음,교차로 - 교차로횡단보도내,승합,남,58세,상해없음,보행자,여,58세,경상
305,2018032100100020,2018년 3월 21일 01시,수요일,전라북도 정읍시 수성동,경상사고,0,0,1,0,차대사람 - 횡단중,보행자보호의무위반,포장 - 젖음/습기,눈,교차로 - 교차로횡단보도내,승용,남,22세,상해없음,보행자,여,41세,경상
306,2018032100100150,2018년 3월 21일 09시,수요일,전라북도 전주시 덕진구 인후동1가,중상사고,0,1,0,0,차대사람 - 횡단중,보행자보호의무위반,포장 - 젖음/습기,비,교차로 - 교차로안,화물,남,52세,상해없음,보행자,남,65세,중상
307,2018032100100177,2018년 3월 21일 10시,수요일,전라북도 전주시 덕진구 송천동2가,중상사고,0,1,0,0,차대사람 - 횡단중,신호위반,포장 - 젖음/습기,눈,교차로 - 교차로안,승용,여,47세,상해없음,보행자,여,67세,중상
308,2018032100100234,2018년 3월 21일 13시,수요일,전라북도 부안군 부안읍,경상사고,0,0,1,0,차대사람 - 횡단중,불법유턴,포장 - 젖음/습기,비,교차로 - 교차로안,화물,남,49세,상해없음,보행자,여,57세,경상
309,2018032100100264,2018년 3월 21일 14시,수요일,전라북도 전주시 덕진구 진북동,경상사고,0,0,1,0,차대사람 - 횡단중,신호위반,포장 - 젖음/습기,비,교차로 - 교차로횡단보도내,승용,여,59세,상해없음,보행자,여,11세,경상
310,2018032100100295,2018년 3월 21일 15시,수요일,전라북도 익산시 영등동,중상사고,0,1,0,0,차대사람 - 횡단중,안전운전불이행,포장 - 젖음/습기,비,단일로 - 기타,승용,여,43세,상해없음,보행자,여,13세,중상
311,2018032100100365,2018년 3월 21일 17시,수요일,전라북도 익산시 신동,중상사고,0,1,0,0,차대사람 - 횡단중,안전운전불이행,포장 - 젖음/습기,비,단일로 - 기타,승용,남,49세,상해없음,보행자,여,66세,중상
312,2018032100100509,2018년 3월 21일 21시,수요일,전라북도 익산시 중앙동1가,중상사고,0,1,0,0,차대사람 - 횡단중,중앙선침범,포장 - 젖음/습기,비,기타 - 기타,승용,남,62세,상해없음,보행자,여,63세,중상
313,2018032100100571,2018년 3월 21일 23시,수요일,전라북도 김제시 죽산면,중상사고,0,1,0,0,차대사람 - 차도통행중,안전운전불이행,포장 - 건조,맑음,단일로 - 기타,승용,남,53세,상해없음,보행자,남,82세,중상
314,2018032200100152,2018년 3월 22일 08시,목요일,전라북도 전주시 완산구 중화산동2가,경상사고,0,0,1,0,차대사람 - 횡단중,보행자보호의무위반,포장 - 건조,맑음,교차로 - 교차로안,승용,여,50세,상해없음,보행자,남,78세,경상
315,2018032200100263,2018년 3월 22일 12시,목요일,전라북도 전주시 덕진구 송천동1가,중상사고,0,1,0,0,차대사람 - 횡단중,신호위반,포장 - 건조,맑음,교차로 - 교차로안,승용,여,24세,상해없음,보행자,여,70세,중상
316,2018032200100456,2018년 3월 22일 18시,목요일,전라북도 익산시 황등면,경상사고,0,0,1,0,차대사람 - 횡단중,안전운전불이행,포장 - 건조,맑음,단일로 - 기타,승용,여,42세,상해없음,보행자,남,12세,경상
317,2018032300100120,2018년 3월 23일 08시,금요일,전라북도 익산시 동산동,경상사고,0,0,1,0,차대사람 - 보도통행중,보행자보호의무위반,포장 - 건조,맑음,교차로 - 교차로횡단보도내,승용,여,66세,기타불명,보행자,여,21세,경상
318,2018032300100281,2018년 3월 23일 14시,금요일,전라북도 전주시 덕진구 인후동1가,중상사고,0,1,0,0,차대사람 - 횡단중,신호위반,포장 - 건조,맑음,교차로 - 교차로횡단보도내,승합,남,68세,상해없음,보행자,여,66세,중상
319,2018032300100282,2018년 3월 23일 14시,금요일,전라북도 군산시 수송동,경상사고,0,0,1,0,차대사람 - 차도통행중,안전운전불이행,포장 - 건조,맑음,단일로 - 기타,기타불명,기타불명,미분류,기타불명,보행자,남,76세,경상
320,2018032300100404,2018년 3월 23일 17시,금요일,전라북도 군산시 경장동,경상사고,0,0,1,0,차대사람 - 차도통행중,안전운전불이행,포장 - 건조,맑음,기타 - 기타,승용,남,45세,상해없음,보행자,남,44세,경상
321,2018032300100588,2018년 3월 23일 22시,금요일,전라북도 전주시 완산구 평화동1가,사망사고,1,0,0,0,차대사람 - 횡단중,안전운전불이행,포장 - 건조,맑음,교차로 - 교차로부근,화물,남,46세,상해없음,보행자,남,69세,사망
322,2018032400100025,2018년 3월 24일 01시,토요일,전라북도 전주시 완산구 효자동3가,중상사고,0,1,0,0,차대사람 - 횡단중,안전운전불이행,포장 - 건조,맑음,교차로 - 교차로안,승용,남,65세,상해없음,보행자,남,51세,중상
323,2018032400100309,2018년 3월 24일 15시,토요일,전라북도 완주군 화산면,중상사고,0,2,3,0,차대사람 - 기타,안전운전불이행,포장 - 건조,맑음,교차로 - 교차로부근,승용,남,64세,경상,보행자,남,50세,중상
324,2018032400100442,2018년 3월 24일 19시,토요일,전라북도 전주시 덕진구 금암동,경상사고,0,0,2,0,차대사람 - 횡단중,신호위반,포장 - 건조,맑음,교차로 - 교차로부근,승용,남,52세,상해없음,보행자,여,21세,경상
325,2018032400100443,2018년 3월 24일 19시,토요일,전라북도 익산시 영등동,경상사고,0,0,1,0,차대사람 - 기타,보행자보호의무위반,포장 - 건조,맑음,교차로 - 교차로안,승용,남,66세,상해없음,보행자,여,44세,경상
326,2018032600100276,2018년 3월 26일 14시,월요일,전라북도 정읍시 연지동,경상사고,0,0,1,0,차대사람 - 기타,안전운전불이행,포장 - 건조,맑음,교차로 - 교차로부근,승용,남,72세,상해없음,보행자,여,63세,경상