,사고번호,사고일시,요일,시군구,사고내용,사망자수,중상자수,경상자수,부상신고자수,사고유형,법규위반,노면상태,기상상태,도로형태,가해운전자 차종,가해운전자 성별,가해운전자 연령,가해운전자 상해정도,피해운전자 차종,피해운전자 성별,피해운전자 연령,피해운전자 상해정도
872,2018081400100607,2018년 8월 14일 21시,화요일,전라북도 완주군 이서면,경상사고,0,0,1,0,차대사람 - 기타,안전운전불이행,포장 - 건조,맑음,교차로 - 교차로부근,승용,남,50세,상해없음,보행자,남,33세,경상
873,2018081500100498,2018년 8월 15일 21시,수요일,전라북도 김제시 황산동,중상사고,0,1,0,0,차대사람 - 차도통행중,안전운전불이행,포장 - 건조,맑음,단일로 - 기타,승용,남,36세,상해없음,보행자,남,36세,중상
874,2018081500100548,2018년 8월 15일 23시,수요일,전라북도 전주시 덕진구 송천동2가,경상사고,0,0,1,0,차대사람 - 기타,안전운전불이행,포장 - 건조,맑음,교차로 - 교차로안,승용,남,49세,상해없음,보행자,여,46세,경상
875,2018081600100063,2018년 8월 16일 06시,목요일,전라북도 익산시 마동,중상사고,0,1,0,0,차대사람 - 횡단중,안전운전불이행,포장 - 건조,맑음,교차로 - 교차로안,화물,남,51세,상해없음,보행자,여,71세,중상
876,2018081600100106,2018년 8월 16일 08시,목요일,전라북도 군산시 대명동,경상사고,0,0,1,0,차대사람 - 횡단중,보행자보호의무위반,포장 - 건조,맑음,교차로 - 교차로횡단보도내,승용,여,57세,상해없음,보행자,여,59세,경상
877,2018081600100158,2018년 8월 16일 09시,목요일,전라북도 무주군 무주읍,경상사고,0,0,1,0,차대사람 - 횡단중,안전운전불이행,포장 - 건조,흐림,교차로 - 교차로안,승용,남,47세,상해없음,보행자,남,51세,경상
878,2018081600100539,2018년 8월 16일 19시,목요일,전라북도 익산시 남중동,경상사고,0,0,1,0,차대사람 - 횡단중,신호위반,포장 - 건조,맑음,교차로 - 교차로횡단보도내,승용,남,49세,상해없음,보행자,여,62세,경상
879,2018081700100013,2018년 8월 17일 00시,금요일,전라북도 익산시 신동,경상사고,0,0,1,0,차대사람 - 차도통행중,안전운전불이행,포장 - 건조,맑음,단일로 - 기타,승용,남,27세,상해없음,보행자,남,24세,경상
880,2018081700100022,2018년 8월 17일 01시,금요일,전라북도 무주군 무주읍,경상사고,0,0,1,0,차대사람 - 차도통행중,안전운전불이행,포장 - 건조,맑음,교차로 - 교차로부근,승용,남,71세,상해없음,보행자,남,59세,경상
881,2018081700100043,2018년 8월 17일 04시,금요일,전라북도 군산시 산북동,중상사고,0,1,0,0,차대사람 - 차도통행중,안전운전불이행,포장 - 건조,맑음,단일로 - 지하차도(도로)내,화물,남,31세,상해없음,보행자,여,72세,중상
882,2018081700100166,2018년 8월 17일 09시,금요일,전라북도 정읍시 장명동,경상사고,0,0,2,0,차대사람 - 기타,안전운전불이행,포장 - 건조,맑음,단일로 - 기타,자전거,여,44세,경상,보행자,여,50세,경상
883,2018081700100214,2018년 8월 17일 10시,금요일,전라북도 전주시 덕진구 전미동2가,중상사고,0,1,0,0,차대사람 - 기타,안전운전불이행,포장 - 건조,맑음,단일로 - 기타,화물,여,53세,상해없음,보행자,여,74세,중상
884,2018081700100491,2018년 8월 17일 17시,금요일,전라북도 임실군 오수면,중상사고,0,1,0,0,차대사람 - 횡단중,보행자보호의무위반,포장 - 건조,맑음,교차로 - 교차로횡단보도내,화물,남,52세,상해없음,보행자,여,55세,중상
885,2018081800100108,2018년 8월 18일 07시,토요일,전라북도 군산시 미원동,중상사고,0,1,0,0,차대사람 - 횡단중,안전운전불이행,포장 - 건조,맑음,교차로 - 교차로안,승용,남,54세,상해없음,보행자,남,76세,중상
886,2018081800100386,2018년 8월 18일 15시,토요일,전라북도 정읍시 수성동,경상사고,0,0,1,0,차대사람 - 횡단중,보행자보호의무위반,포장 - 건조,맑음,교차로 - 교차로부근,승용,남,61세,상해없음,보행자,남,56세,경상
887,2018081800100524,2018년 8월 18일 19시,토요일,전라북도 정읍시 부전동,경상사고,0,0,1,0,차대사람 - 횡단중,안전운전불이행,포장 - 건조,맑음,단일로 - 기타,승용,남,53세,상해없음,보행자,남,5세,경상
888,2018081800100556,2018년 8월 18일 20시,토요일,전라북도 전주시 덕진구 덕진동2가,경상사고,0,0,1,0,차대사람 - 횡단중,안전운전불이행,포장 - 건조,맑음,교차로 - 교차로안,승용,남,36세,상해없음,보행자,여,43세,경상
889,2018081800100635,2018년 8월 18일 23시,토요일,전라북도 익산시 인화동1가,중상사고,0,1,0,0,차대사람 - 차도통행중,안전운전불이행,포장 - 건조,맑음,교차로 - 교차로안,승용,남,64세,상해없음,보행자,남,47세,중상
890,2018081900100033,2018년 8월 19일 01시,일요일,전라북도 군산시 나운동,경상사고,0,0,1,0,차대사람 - 기타,안전운전불이행,포장 - 건조,맑음,기타 - 기타,승용,남,60세,상해없음,보행자,남,69세,경상
891,2018081900100287,2018년 8월 19일 15시,일요일,전라북도 정읍시 시기동,경상사고,0,0,1,0,차대사람 - 횡단중,안전운전불이행,포장 - 건조,맑음,교차로 - 교차로횡단보도내,승용,남,34세,상해없음,보행자,여,8세,경상
892,2018081900100288,2018년 8월 19일 15시,일요일,전라북도 부안군 진서면,경상사고,0,0,2,0,차대사람 - 기타,안전운전불이행,포장 - 건조,맑음,교차로 - 교차로부근,화물,남,76세,경상,보행자,남,51세,경상
893,2018082000100212,2018년 8월 20일 11시,월요일,전라북도 김제시 요촌동,경상사고,0,0,2,0,차대사람 - 횡단중,안전운전불이행,포장 - 건조,맑음,단일로 - 기타,이륜,남,71세,경상,보행자,여,66세,경상
894,2018082000100258,2018년 8월 20일 12시,월요일,전라북도 익산시 모현동1가,중상사고,0,1,0,0,차대사람 - 횡단중,보행자보호의무위반,포장 - 건조,맑음,교차로 - 교차로횡단보도내,승용,여,30세,상해없음,보행자,남,67세,중상
895,2018082100100164,2018년 8월 21일 09시,화요일,전라북도 전주시 완산구 효자동1가,중상사고,0,1,0,0,차대사람 - 차도통행중,안전운전불이행,포장 - 건조,맑음,단일로 - 기타,승용,여,30세,상해없음,보행자,여,83세,중상
896,2018082100100584,2018년 8월 21일 20시,화요일,전라북도 무주군 안성면,경상사고,0,0,2,0,차대사람 - 기타,안전운전불이행,포장 - 건조,맑음,단일로 - 지하차도(도로)내,승용,남,54세,상해없음,보행자,여,62세,경상
897,2018082200100050,2018년 8월 22일 05시,수요일,전라북도 전주시 덕진구 고랑동,중상사고,0,1,0,0,차대사람 - 횡단중,안전운전불이행,포장 - 건조,맑음,단일로 - 기타,승용,남,56세,상해없음,보행자,여,84세,중상
898,2018082200100225,2018년 8월 22일 11시,수요일,전라북도 전주시 완산구 고사동,중상사고,0,1,0,0,차대사람 - 차도통행중,안전운전불이행,포장 - 건조,맑음,단일로 - 기타,승용,여,63세,상해없음,보행자,남,74세,중상
899,2018082200100294,2018년 8월 22일 13시,수요일,전라북도 전주시 덕진구 팔복동2가,중상사고,0,1,0,0,차대사람 - 기타,안전운전불이행,포장 - 건조,맑음,기타 - 기타,화물,남,54세,상해없음,보행자,여,89세,중상
900,2018082200100416,2018년 8월 22일 16시,수요일,전라북도 전주시 완산구 태평동,경상사고,0,0,1,0,차대사람 - 기타,안전운전불이행,포장 - 건조,맑음,단일로 - 기타,화물,남,52세,상해없음,보행자,여,57세,경상
901,2018082200100540,2018년 8월 22일 19시,수요일,전라북도 전주시 덕진구 진북동,경상사고,0,0,1,0,차대사람 - 횡단중,보행자보호의무위반,포장 - 건조,맑음,교차로 - 교차로횡단보도내,승용,남,41세,상해없음,보행자,남,46세,경상
902,2018082200100639,2018년 8월 22일 22시,수요일,전라북도 전주시 완산구 중화산동1가,경상사고,0,0,1,0,차대사람 - 차도통행중,안전운전불이행,포장 - 건조,흐림,단일로 - 기타,승용,여,47세,상해없음,보행자,남,62세,경상
903,2018082300100043,2018년 8월 23일 04시,목요일,전라북도 익산시 인화동1가,중상사고,0,1,0,0,차대사람 - 횡단중,안전운전불이행,포장 - 건조,맑음,교차로 - 교차로안,승용,남,56세,상해없음,보행자,남,56세,중상
904,2018082300100099,2018년 8월 23일 08시,목요일,전라북도 전주시 덕진구 덕진동1가,경상사고,0,0,1,0,차대사람 - 횡단중,보행자보호의무위반,포장 - 건조,흐림,교차로 - 교차로횡단보도내,승합,남,44세,상해없음,보행자,여,49세,경상
905,2018082300100175,2018년 8월 23일 11시,목요일,전라북도 전주시 완산구 효자동1가,중상사고,0,1,0,0,차대사람 - 길가장자리구역통행중,중앙선침범,포장 - 건조,맑음,단일로 - 기타,화물,남,65세,상해없음,보행자,남,75세,중상
906,2018082300100457,2018년 8월 23일 21시,목요일,전라북도 군산시 조촌동,경상사고,0,0,1,0,차대사람 - 횡단중,안전운전불이행,포장 - 젖음/습기,비,단일로 - 기타,승용,남,52세,상해없음,보행자,남,48세,경상
907,2018082300100499,2018년 8월 23일 22시,목요일,전라북도 전주시 덕진구 진북동,중상사고,0,1,0,0,차대사람 - 횡단중,보행자보호의무위반,포장 - 건조,맑음,교차로 - 교차로횡단보도내,승용,남,55세,상해없음,보행자,여,64세,중상
908,2018082400100011,2018년 8월 24일 00시,금요일,전라북도 익산시 부송동,사망사고,1,0,0,0,차대사람 - 횡단중,안전운전불이행,포장 - 젖음/습기,비,교차로 - 교차로부근,승용,남,43세,상해없음,보행자,남,62세,사망
909,2018082400100157,2018년 8월 24일 10시,금요일,전라북도 김제시 검산동,경상사고,0,0,1,0,차대사람 - 차도통행중,안전운전불이행,포장 - 젖음/습기,비,교차로 - 교차로안,승용,남,61세,상해없음,보행자,여,89세,경상
910,2018082400100251,2018년 8월 24일 13시,금요일,전라북도 군산시 수송동,중상사고,0,1,0,0,차대사람 - 횡단중,보행자보호의무위반,포장 - 건조,맑음,교차로 - 교차로횡단보도내,승용,남,55세,상해없음,보행자,여,48세,중상
911,2018082400100344,2018년 8월 24일 16시,금요일,전라북도 김제시 요촌동,경상사고,0,0,1,0,차대사람 - 차도통행중,안전운전불이행,포장 - 건조,맑음,교차로 - 교차로안,원동기,남,23세,상해없음,보행자,여,67세,경상
912,2018082400100372,2018년 8월 24일 17시,금요일,전라북도 전주시 완산구 삼천동1가,중상사고,0,1,0,0,차대사람 - 횡단중,신호위반,포장 - 건조,맑음,교차로 - 교차로횡단보도내,화물,남,61세,상해없음,보행자,여,65세,중상
913,2018082400100465,2018년 8월 24일 19시,금요일,전라북도 남원시 신정동,중상사고,0,2,0,0,차대사람 - 기타,안전운전불이행,포장 - 건조,맑음,교차로 - 교차로부근,이륜,남,77세,중상,보행자,여,77세,중상
914,2018082500100107,2018년 8월 25일 06시,토요일,전라북도 정읍시 수성동,경상사고,0,0,1,0,차대사람 - 차도통행중,안전운전불이행,포장 - 건조,맑음,단일로 - 기타,승용,남,45세,상해없음,보행자,남,56세,경상
915,2018082500100189,2018년 8월 25일 10시,토요일,전라북도 군산시 대야면,중상사고,0,1,0,0,차대사람 - 차도통행중,안전운전불이행,포장 - 건조,맑음,단일로 - 기타,승용,여,51세,상해없음,보행자,남,86세,중상
916,2018082500100516,2018년 8월 25일 20시,토요일,전라북도 전주시 덕진구 진북동,경상사고,0,0,1,0,차대사람 - 기타,안전운전불이행,포장 - 건조,맑음,단일로 - 기타,승용,남,63세,상해없음,보행자,여,28세,경상
917,2018082700100376,2018년 8월 27일 15시,월요일,전라북도 전주시 완산구 평화동1가,중상사고,0,1,0,0,차대사람 - 횡단중,보행자보호의무위반,포장 - 젖음/습기,비,교차로 - 교차로횡단보도내,화물,남,55세,상해없음,보행자,여,71세,중상
918,2018082700100416,2018년 8월 27일 16시,월요일,전라북도 전주시 완산구 효자동1가,경상사고,0,0,1,0,차대사람 - 횡단중,보행자보호의무위반,포장 - 건조,맑음,교차로 - 교차로부근,기타불명,기타불명,미분류,기타불명,보행자,여,31세,경상
919,2018082700100563,2018년 8월 27일 20시,월요일,전라북도 전주시 완산구 서신동,경상사고,0,0,1,0,차대사람 - 기타,안전운전불이행,포장 - 젖음/습기,비,단일로 - 기타,승용,남,63세,상해없음,보행자,남,31세,경상
920,2018082700100589,2018년 8월 27일 21시,월요일,전라북도 진안군 진안읍,경상사고,0,0,1,0,차대사람 - 길가장자리구역통행중,안전운전불이행,포장 - 젖음/습기,흐림,단일로 - 기타,승용,남,52세,상해없음,보행자,남,58세,경상
921,2018082800100053,2018년 8월 28일 05시,화요일,전라북도 전주시 완산구 서서학동,중상사고,0,1,0,0,차대사람 - 횡단중,안전운전불이행,포장 - 젖음/습기,흐림,교차로 - 교차로부근,승용,남,42세,상해없음,보행자,여,66세,중상
922,2018082800100054,2018년 8월 28일 05시,화요일,전라북도 전주시 완산구 서서학동,경상사고,0,0,1,0,차대사람 - 횡단중,안전운전불이행,포장 - 젖음/습기,흐림,교차로 - 교차로부근,승용,남,53세,경상,보행자,남,24세,상해없음
923,2018082800100066,2018년 8월 28일 06시,화요일,전라북도 전주시 덕진구 송천동1가,경상사고,0,0,1,0,차대사람 - 기타,안전운전불이행,포장 - 건조,맑음,단일로 - 기타,승용,남,31세,상해없음,보행자,남,57세,경상
924,2018082800100104,2018년 8월 28일 08시,화요일,전라북도 전주시 덕진구 송천동1가,경상사고,0,0,1,0,차대사람 - 횡단중,신호위반,포장 - 건조,맑음,교차로 - 교차로횡단보도내,화물,남,64세,상해없음,보행자,여,42세,경상
925,2018082800100169,2018년 8월 28일 10시,화요일,전라북도 전주시 덕진구 진북동,중상사고,0,1,0,0,차대사람 - 횡단중,안전운전불이행,포장 - 건조,맑음,단일로 - 기타,화물,남,55세,상해없음,보행자,남,87세,중상
926,2018082800100250,2018년 8월 28일 13시,화요일,전라북도 남원시 노암동,경상사고,0,0,1,0,차대사람 - 차도통행중,안전운전불이행,포장 - 건조,맑음,단일로 - 기타,승용,남,71세,상해없음,보행자,여,83세,경상
927,2018082800100316,2018년 8월 28일 15시,화요일,전라북도 정읍시 수성동,경상사고,0,0,1,0,차대사람 - 기타,안전운전불이행,포장 - 건조,맑음,단일로 - 기타,승용,남,61세,상해없음,보행자,남,59세,경상
928,2018082800100450,2018년 8월 28일 18시,화요일,전라북도 전주시 완산구 평화동1가,경상사고,0,0,1,0,차대사람 - 기타,안전운전불이행,포장 - 건조,맑음,교차로 - 교차로안,승용,남,70세,상해없음,보행자,남,58세,경상
929,2018082900100110,2018년 8월 29일 08시,수요일,전라북도 군산시 장재동,중상사고,0,1,0,0,차대사람 - 차도통행중,안전운전불이행,포장 - 건조,맑음,단일로 - 기타,화물,남,45세,상해없음,보행자,남,75세,중상
930,2018082900100212,2018년 8월 29일 11시,수요일,전라북도 군산시 조촌동,중상사고,0,1,0,0,차대사람 - 횡단중,안전운전불이행,포장 - 건조,맑음,교차로 - 교차로부근,화물,남,22세,상해없음,보행자,여,49세,중상
931,2018082900100474,2018년 8월 29일 19시,수요일,전라북도 부안군 상서면,사망사고,1,0,0,0,차대사람 - 횡단중,과속,포장 - 건조,맑음,단일로 - 기타,승용,남,34세,상해없음,보행자,여,79세,사망
932,2018082900100588,2018년 8월 29일 22시,수요일,전라북도 군산시 오식도동,중상사고,0,1,0,0,차대사람 - 횡단중,보행자보호의무위반,포장 - 건조,흐림,교차로 - 교차로안,승용,여,43세,상해없음,보행자,남,34세,중상
933,2018083000100203,2018년 8월 30일 11시,목요일,전라북도 전주시 덕진구 덕진동1가,경상사고,0,0,1,0,차대사람 - 횡단중,안전운전불이행,포장 - 건조,맑음,단일로 - 기타,화물,남,65세,기타불명,보행자,여,21세,경상
934,2018083100100101,2018년 8월 31일 07시,금요일,전라북도 정읍시 연지동,중상사고,0,1,0,0,차대사람 - 횡단중,보행자보호의무위반,포장 - 젖음/습기,비,교차로 - 교차로횡단보도내,승용,남,52세,상해없음,보행자,여,73세,중상
935,2018083100100216,2018년 8월 31일 11시,금요일,전라북도 군산시 소룡동,경상사고,0,0,1,0,차대사람 - 차도통행중,안전운전불이행,포장 - 젖음/습기,흐림,단일로 - 지하차도(도로)내,승용,남,49세,상해없음,보행자,여,71세,경상
936,2018083100100460,2018년 8월 31일 18시,금요일,전라북도 전주시 덕진구 동산동,경상사고,0,0,1,0,차대사람 - 횡단중,안전운전불이행,포장 - 건조,맑음,단일로 - 기타,승용,여,32세,기타불명,보행자,여,56세,경상
937,2018083100100606,2018년 8월 31일 22시,금요일,전라북도 익산시 신동,경상사고,0,0,1,0,차대사람 - 차도통행중,안전운전불이행,포장 - 건조,맑음,단일로 - 기타,승용,남,26세,상해없음,보행자,여,20세,경상
938,2018090100100034,2018년 9월 1일 01시,토요일,전라북도 익산시 모현동1가,중상사고,0,2,0,0,차대사람 - 횡단중,보행자보호의무위반,포장 - 건조,맑음,교차로 - 교차로횡단보도내,승용,여,41세,상해없음,보행자,여,32세,중상
939,2018090100100187,2018년 9월 1일 10시,토요일,전라북도 전주시 완산구 서서학동,경상사고,0,0,1,0,차대사람 - 차도통행중,안전운전불이행,포장 - 건조,맑음,교차로 - 교차로안,승용,여,22세,상해없음,보행자,여,81세,경상
940,2018090100100505,2018년 9월 1일 19시,토요일,전라북도 전주시 완산구 삼천동1가,중상사고,0,1,0,0,차대사람 - 기타,안전운전불이행,포장 - 건조,맑음,단일로 - 기타,원동기,남,22세,상해없음,보행자,여,57세,중상
941,2018090200100265,2018년 9월 2일 15시,일요일,전라북도 익산시 부송동,중상사고,0,1,0,0,차대사람 - 횡단중,안전운전불이행,포장 - 건조,맑음,교차로 - 교차로안,승합,남,44세,상해없음,보행자,남,8세,중상
942,2018090200100374,2018년 9월 2일 19시,일요일,전라북도 전주시 완산구 삼천동1가,중상사고,0,1,0,0,차대사람 - 횡단중,안전운전불이행,포장 - 건조,맑음,교차로 - 교차로안,승용,남,70세,상해없음,보행자,여,73세,중상
943,2018090300100001,2018년 9월 3일 00시,월요일,전라북도 전주시 완산구 중화산동2가,경상사고,0,0,1,0,차대사람 - 횡단중,신호위반,포장 - 건조,맑음,교차로 - 교차로안,화물,남,38세,상해없음,보행자,여,24세,경상
944,2018090300100187,2018년 9월 3일 10시,월요일,전라북도 전주시 완산구 삼천동1가,경상사고,0,0,1,0,차대사람 - 횡단중,보행자보호의무위반,포장 - 건조,맑음,교차로 - 교차로횡단보도내,승용,남,48세,상해없음,보행자,여,47세,경상
945,2018090300100221,2018년 9월 3일 11시,월요일,전라북도 익산시 월성동,중상사고,0,1,0,0,차대사람 - 기타,안전운전불이행,포장 - 건조,맑음,단일로 - 기타,건설기계,남,48세,상해없음,보행자,남,75세,중상
946,2018090300100222,2018년 9월 3일 11시,월요일,전라북도 익산시 남중동,경상사고,0,0,1,0,차대사람 - 횡단중,보행자보호의무위반,포장 - 건조,맑음,교차로 - 교차로안,승용,남,55세,상해없음,보행자,여,68세,경상
947,2018090300100287,2018년 9월 3일 13시,월요일,전라북도 익산시 용안면,경상사고,0,0,1,0,차대사람 - 횡단중,보행자보호의무위반,포장 - 젖음/습기,비,교차로 - 교차로횡단보도내,화물,남,31세,상해없음,보행자,남,81세,경상
948,2018090300100473,2018년 9월 3일 18시,월요일,전라북도 무주군 무주읍,경상사고,0,0,1,0,차대사람 - 차도통행중,안전운전불이행,포장 - 젖음/습기,비,단일로 - 기타,이륜,남,42세,상해없음,보행자,여,90세 이상,경상
949,2018090400100082,2018년 9월 4일 07시,화요일,전라북도 전주시 덕진구 반월동,경상사고,0,0,1,0,차대사람 - 기타,안전운전불이행,포장 - 건조,맑음,기타 - 기타,승용,남,28세,상해없음,보행자,여,57세,경상
950,2018090400100409,2018년 9월 4일 17시,화요일,전라북도 전주시 완산구 삼천동1가,중상사고,0,1,0,0,차대사람 - 횡단중,보행자보호의무위반,포장 - 건조,맑음,교차로 - 교차로횡단보도내,승용,여,34세,상해없음,보행자,남,47세,중상
951,2018090400100503,2018년 9월 4일 19시,화요일,전라북도 김제시 백구면,중상사고,0,1,0,0,차대사람 - 횡단중,안전운전불이행,포장 - 건조,맑음,교차로 - 교차로안,승용,남,24세,상해없음,보행자,여,73세,중상
952,2018090400100504,2018년 9월 4일 19시,화요일,전라북도 고창군 심원면,사망사고,1,0,0,0,차대사람 - 기타,안전운전불이행,포장 - 건조,맑음,교차로 - 교차로안,승합,남,52세,상해없음,보행자,여,83세,사망
953,2018090400100612,2018년 9월 4일 23시,화요일,전라북도 전주시 덕진구 송천동2가,경상사고,0,0,1,0,차대사람 - 길가장자리구역통행중,안전운전불이행,포장 - 건조,맑음,단일로 - 기타,승용,여,33세,상해없음,보행자,남,23세,경상
954,2018090500100045,2018년 9월 5일 04시,수요일,전라북도 남원시 죽항동,중상사고,0,1,0,0,차대사람 - 횡단중,안전운전불이행,포장 - 건조,맑음,교차로 - 교차로안,승용,남,60세,상해없음,보행자,여,71세,중상
955,2018090500100456,2018년 9월 5일 17시,수요일,전라북도 남원시 도통동,중상사고,0,1,0,0,차대사람 - 기타,안전운전불이행,포장 - 건조,맑음,교차로 - 교차로안,승용,여,57세,상해없음,보행자,여,76세,중상
956,2018090600100046,2018년 9월 6일 05시,목요일,전라북도 전주시 덕진구 인후동2가,경상사고,0,0,1,0,차대사람 - 횡단중,안전운전불이행,포장 - 건조,맑음,단일로 - 기타,승용,남,46세,상해없음,보행자,여,76세,경상
957,2018090600100330,2018년 9월 6일 16시,목요일,전라북도 정읍시 시기동,경상사고,0,0,1,0,차대사람 - 차도통행중,안전운전불이행,포장 - 건조,맑음,단일로 - 기타,승용,남,51세,상해없음,보행자,여,76세,경상
958,2018090600100407,2018년 9월 6일 18시,목요일,전라북도 전주시 완산구 중화산동2가,경상사고,0,0,1,0,차대사람 - 길가장자리구역통행중,안전운전불이행,포장 - 건조,맑음,단일로 - 기타,승용,남,30세,상해없음,보행자,남,56세,경상
959,2018090600100408,2018년 9월 6일 18시,목요일,전라북도 남원시 죽항동,경상사고,0,0,1,0,차대사람 - 횡단중,안전운전불이행,포장 - 건조,맑음,단일로 - 기타,승합,남,58세,기타불명,보행자,남,4세,경상
960,2018090700100439,2018년 9월 7일 16시,금요일,전라북도 정읍시 수성동,중상사고,0,1,0,0,차대사람 - 횡단중,안전운전불이행,포장 - 건조,맑음,교차로 - 교차로안,화물,남,71세,상해없음,보행자,여,81세,중상
961,2018090800100172,2018년 9월 8일 09시,토요일,전라북도 군산시 산북동,경상사고,0,0,1,0,차대사람 - 차도통행중,안전운전불이행,포장 - 건조,맑음,단일로 - 지하차도(도로)내,승용,여,48세,상해없음,보행자,여,31세,경상
962,2018090800100241,2018년 9월 8일 11시,토요일,전라북도 전주시 덕진구 진북동,중상사고,0,1,0,0,차대사람 - 기타,안전운전불이행,포장 - 건조,맑음,단일로 - 기타,승용,남,54세,상해없음,보행자,남,29세,중상
963,2018090800100293,2018년 9월 8일 12시,토요일,전라북도 김제시 백산면,사망사고,1,0,0,0,차대사람 - 기타,기타,포장 - 건조,맑음,단일로 - 기타,승용,남,30세,상해없음,보행자,남,63세,사망
964,2018090800100294,2018년 9월 8일 12시,토요일,전라북도 완주군 이서면,중상사고,0,1,0,0,차대사람 - 기타,안전운전불이행,포장 - 건조,맑음,교차로 - 교차로안,승용,남,39세,상해없음,보행자,여,77세,중상
965,2018090800100443,2018년 9월 8일 16시,토요일,전라북도 익산시 어양동,중상사고,0,1,0,0,차대사람 - 횡단중,안전운전불이행,포장 - 건조,맑음,교차로 - 교차로안,승용,남,54세,상해없음,보행자,남,72세,중상
966,2018090800100444,2018년 9월 8일 16시,토요일,전라북도 완주군 삼례읍,중상사고,0,1,0,0,차대사람 - 횡단중,안전운전불이행,포장 - 건조,맑음,단일로 - 기타,승용,남,49세,상해없음,보행자,남,11세,중상
967,2018090800100555,2018년 9월 8일 19시,토요일,전라북도 익산시 동산동,중상사고,0,1,0,0,차대사람 - 횡단중,보행자보호의무위반,포장 - 건조,맑음,교차로 - 교차로횡단보도내,승용,여,45세,상해없음,보행자,여,20세,중상
968,2018090800100588,2018년 9월 8일 20시,토요일,전라북도 전주시 덕진구 호성동1가,중상사고,0,1,0,0,차대사람 - 횡단중,안전운전불이행,포장 - 건조,맑음,단일로 - 기타,승용,여,59세,상해없음,보행자,남,77세,중상
969,2018090800100640,2018년 9월 8일 22시,토요일,전라북도 군산시 구암동,경상사고,0,0,1,0,차대사람 - 횡단중,안전운전불이행,포장 - 건조,맑음,기타 - 기타,승용,여,34세,상해없음,보행자,남,77세,경상
970,2018090900100152,2018년 9월 9일 10시,일요일,전라북도 완주군 상관면,경상사고,0,0,1,0,차대사람 - 기타,안전운전불이행,포장 - 건조,맑음,단일로 - 기타,승용,남,49세,상해없음,보행자,남,61세,경상
971,2018090900100181,2018년 9월 9일 11시,일요일,전라북도 남원시 왕정동,경상사고,0,0,1,0,차대사람 - 차도통행중,안전운전불이행,포장 - 건조,맑음,단일로 - 기타,승용,남,42세,상해없음,보행자,여,55세,경상
972,2018090900100272,2018년 9월 9일 14시,일요일,전라북도 전주시 완산구 평화동2가,경상사고,0,0,1,0,차대사람 - 차도통행중,안전운전불이행,포장 - 건조,맑음,교차로 - 교차로안,승용,남,44세,상해없음,보행자,남,58세,경상
973,2018090900100494,2018년 9월 9일 21시,일요일,전라북도 전주시 덕진구 인후동1가,경상사고,0,0,1,0,차대사람 - 기타,안전운전불이행,포장 - 건조,맑음,단일로 - 기타,이륜,남,21세,상해없음,보행자,남,48세,경상
974,2018091000100460,2018년 9월 10일 16시,월요일,전라북도 전주시 완산구 중화산동2가,경상사고,0,0,1,0,차대사람 - 횡단중,보행자보호의무위반,포장 - 건조,맑음,교차로 - 교차로부근,승용,남,37세,상해없음,보행자,여,14세,경상
975,2018091000100461,2018년 9월 10일 16시,월요일,전라북도 전주시 완산구 서신동,중상사고,0,1,0,0,차대사람 - 횡단중,안전운전불이행,포장 - 건조,맑음,단일로 - 기타,승용,남,49세,상해없음,보행자,남,77세,중상
976,2018091000100717,2018년 9월 10일 22시,월요일,전라북도 전주시 덕진구 금암동,중상사고,0,1,0,0,차대사람 - 횡단중,안전운전불이행,포장 - 건조,맑음,단일로 - 기타,승용,남,60세,상해없음,보행자,여,3세,중상
977,2018091100100108,2018년 9월 11일 08시,화요일,전라북도 전주시 완산구 평화동1가,경상사고,0,0,1,0,차대사람 - 차도통행중,안전운전불이행,포장 - 건조,맑음,단일로 - 기타,승용,여,59세,상해없음,보행자,남,49세,경상
978,2018091100100186,2018년 9월 11일 10시,화요일,전라북도 전주시 완산구 원당동,경상사고,0,0,1,0,차대사람 - 기타,안전운전불이행,포장 - 건조,맑음,단일로 - 기타,화물,남,66세,상해없음,보행자,남,59세,경상
979,2018091100100276,2018년 9월 11일 13시,화요일,전라북도 김제시 요촌동,중상사고,0,1,0,0,차대사람 - 횡단중,안전운전불이행,포장 - 건조,맑음,단일로 - 기타,승용,여,47세,상해없음,보행자,남,45세,중상
980,2018091100100308,2018년 9월 11일 14시,화요일,전라북도 전주시 완산구 고사동,경상사고,0,0,1,0,차대사람 - 길가장자리구역통행중,안전운전불이행,포장 - 건조,맑음,단일로 - 기타,승용,여,20세,상해없음,보행자,여,22세,경상