,사고번호,사고일시,요일,시군구,사고내용,사망자수,중상자수,경상자수,부상신고자수,사고유형,법규위반,노면상태,기상상태,도로형태,가해운전자 차종,가해운전자 성별,가해운전자 연령,가해운전자 상해정도,피해운전자 차종,피해운전자 성별,피해운전자 연령,피해운전자 상해정도
981,2018091100100309,2018년 9월 11일 14시,화요일,전라북도 군산시 성산면,경상사고,0,0,1,0,차대사람 - 기타,안전운전불이행,포장 - 건조,맑음,단일로 - 기타,승용,여,55세,상해없음,보행자,남,19세,경상
982,2018091100100531,2018년 9월 11일 20시,화요일,전라북도 전주시 덕진구 송천동1가,경상사고,0,0,1,0,차대사람 - 횡단중,보행자보호의무위반,포장 - 건조,맑음,교차로 - 교차로안,승용,남,62세,상해없음,보행자,여,58세,경상
983,2018091100100533,2018년 9월 11일 20시,화요일,전라북도 임실군 운암면,중상사고,0,1,0,0,차대사람 - 길가장자리구역통행중,안전운전불이행,포장 - 건조,맑음,단일로 - 기타,화물,남,56세,상해없음,보행자,여,82세,중상
984,2018091200100049,2018년 9월 12일 04시,수요일,전라북도 익산시 부송동,중상사고,0,1,0,0,차대사람 - 횡단중,신호위반,포장 - 건조,맑음,교차로 - 교차로안,화물,남,58세,상해없음,보행자,남,66세,중상
985,2018091200100621,2018년 9월 12일 19시,수요일,전라북도 정읍시 수성동,중상사고,0,1,0,0,차대사람 - 횡단중,보행자보호의무위반,포장 - 건조,맑음,교차로 - 교차로횡단보도내,승용,여,55세,상해없음,보행자,남,69세,중상
986,2018091300100127,2018년 9월 13일 08시,목요일,전라북도 익산시 중앙동1가,경상사고,0,0,1,0,차대사람 - 횡단중,보행자보호의무위반,포장 - 건조,맑음,교차로 - 교차로횡단보도내,승용,남,51세,상해없음,보행자,남,22세,경상
987,2018091300100166,2018년 9월 13일 09시,목요일,전라북도 순창군 순창읍,경상사고,0,0,1,0,차대사람 - 기타,안전운전불이행,포장 - 건조,흐림,교차로 - 교차로부근,화물,남,74세,상해없음,보행자,여,71세,경상
988,2018091300100449,2018년 9월 13일 17시,목요일,전라북도 전주시 완산구 삼천동1가,중상사고,0,1,0,0,차대사람 - 횡단중,보행자보호의무위반,포장 - 건조,맑음,기타 - 기타,승용,남,47세,상해없음,보행자,남,5세,중상
989,2018091300100450,2018년 9월 13일 17시,목요일,전라북도 익산시 영등동,경상사고,0,0,1,0,차대사람 - 횡단중,신호위반,포장 - 건조,맑음,교차로 - 교차로횡단보도내,승용,남,24세,상해없음,보행자,여,15세,경상
990,2018091400100259,2018년 9월 14일 11시,금요일,전라북도 정읍시 용계동,중상사고,0,1,0,0,차대사람 - 기타,안전운전불이행,포장 - 건조,맑음,기타 - 기타,승용,남,60세,상해없음,보행자,남,56세,중상
991,2018091400100472,2018년 9월 14일 17시,금요일,전라북도 익산시 부송동,경상사고,0,0,1,0,차대사람 - 횡단중,안전운전불이행,포장 - 건조,맑음,단일로 - 기타,특수,남,38세,상해없음,보행자,여,42세,경상
992,2018091400100710,2018년 9월 14일 22시,금요일,전라북도 익산시 신동,경상사고,0,0,1,0,차대사람 - 기타,안전운전불이행,포장 - 건조,맑음,단일로 - 기타,승용,남,25세,기타불명,보행자,남,22세,경상
993,2018091500100282,2018년 9월 15일 12시,토요일,전라북도 익산시 함열읍,경상사고,0,0,1,0,차대사람 - 횡단중,안전운전불이행,포장 - 건조,맑음,단일로 - 기타,화물,남,66세,상해없음,보행자,여,77세,경상
994,2018091500100389,2018년 9월 15일 15시,토요일,전라북도 군산시 수송동,부상신고사고,0,0,0,1,차대사람 - 기타,안전운전불이행,포장 - 건조,맑음,단일로 - 기타,승용,여,28세,기타불명,보행자,남,15세,부상신고
995,2018091500100466,2018년 9월 15일 17시,토요일,전라북도 부안군 부안읍,중상사고,0,1,1,0,차대사람 - 횡단중,안전운전불이행,포장 - 건조,맑음,단일로 - 기타,이륜,남,66세,경상,보행자,여,76세,중상
996,2018091500100504,2018년 9월 15일 18시,토요일,전라북도 익산시 남중동,중상사고,0,1,0,0,차대사람 - 기타,안전운전불이행,포장 - 건조,맑음,단일로 - 기타,승용,여,22세,상해없음,보행자,남,54세,중상
997,2018091500100532,2018년 9월 15일 19시,토요일,전라북도 전주시 완산구 중화산동2가,중상사고,0,1,0,0,차대사람 - 횡단중,보행자보호의무위반,포장 - 건조,맑음,단일로 - 기타,승용,남,37세,상해없음,보행자,여,42세,중상
998,2018091600100213,2018년 9월 16일 12시,일요일,전라북도 장수군 장수읍,경상사고,0,0,1,0,차대사람 - 차도통행중,안전운전불이행,포장 - 건조,맑음,기타 - 기타,승용,남,69세,상해없음,보행자,여,61세,경상
999,2018091600100446,2018년 9월 16일 19시,일요일,전라북도 정읍시 수성동,중상사고,0,1,0,0,차대사람 - 횡단중,안전운전불이행,포장 - 건조,맑음,단일로 - 교량,이륜,남,20세,상해없음,보행자,여,59세,중상
1000,2018091700100041,2018년 9월 17일 05시,월요일,전라북도 임실군 성수면,사망사고,1,0,0,0,차대사람 - 차도통행중,안전운전불이행,포장 - 건조,맑음,단일로 - 기타,승용,여,24세,상해없음,보행자,여,48세,사망
1001,2018091700100086,2018년 9월 17일 07시,월요일,전라북도 장수군 계남면,중상사고,0,1,0,0,차대사람 - 횡단중,안전운전불이행,포장 - 건조,맑음,기타 - 기타,화물,남,52세,상해없음,보행자,남,79세,중상
1002,2018091700100247,2018년 9월 17일 12시,월요일,전라북도 정읍시 산외면,중상사고,0,1,0,0,차대사람 - 횡단중,안전운전불이행,포장 - 건조,맑음,교차로 - 교차로안,화물,남,60세,상해없음,보행자,여,75세,중상
1003,2018091700100399,2018년 9월 17일 16시,월요일,전라북도 순창군 순창읍,중상사고,0,1,0,0,차대사람 - 기타,안전운전불이행,포장 - 건조,맑음,단일로 - 기타,승용,여,52세,상해없음,보행자,여,84세,중상
1004,2018091700100447,2018년 9월 17일 17시,월요일,전라북도 익산시 영등동,중상사고,0,1,0,0,차대사람 - 횡단중,안전운전불이행,포장 - 건조,맑음,단일로 - 기타,승용,남,44세,상해없음,보행자,여,70세,중상
1005,2018091700100542,2018년 9월 17일 19시,월요일,전라북도 완주군 고산면,중상사고,0,1,0,0,차대사람 - 기타,안전운전불이행,포장 - 건조,맑음,단일로 - 기타,승용,여,54세,상해없음,보행자,여,72세,중상
1006,2018091800100355,2018년 9월 18일 14시,화요일,전라북도 전주시 완산구 태평동,경상사고,0,0,1,0,차대사람 - 차도통행중,안전운전불이행,포장 - 건조,맑음,단일로 - 기타,화물,남,63세,상해없음,보행자,여,49세,경상
1007,2018091800100396,2018년 9월 18일 15시,화요일,전라북도 순창군 인계면,중상사고,0,1,0,0,차대사람 - 기타,안전운전불이행,포장 - 건조,맑음,교차로 - 교차로부근,승용,여,51세,상해없음,보행자,여,59세,중상
1008,2018091800100527,2018년 9월 18일 18시,화요일,전라북도 전주시 덕진구 인후동1가,경상사고,0,0,1,0,차대사람 - 횡단중,보행자보호의무위반,포장 - 건조,맑음,교차로 - 교차로횡단보도내,승용,남,62세,상해없음,보행자,남,52세,경상
1009,2018091900100055,2018년 9월 19일 05시,수요일,전라북도 완주군 이서면,사망사고,1,0,0,0,차대사람 - 횡단중,보행자보호의무위반,포장 - 건조,흐림,교차로 - 교차로횡단보도내,화물,남,40세,상해없음,보행자,여,85세,사망
1010,2018091900100169,2018년 9월 19일 09시,수요일,전라북도 장수군 산서면,중상사고,0,1,0,0,차대사람 - 횡단중,안전운전불이행,포장 - 건조,맑음,단일로 - 기타,승용,남,75세,상해없음,보행자,남,82세,중상
1011,2018091900100356,2018년 9월 19일 15시,수요일,전라북도 군산시 수송동,중상사고,0,1,0,0,차대사람 - 기타,안전운전불이행,포장 - 건조,맑음,단일로 - 기타,이륜,남,56세,상해없음,보행자,여,7세,중상
1012,2018091900100433,2018년 9월 19일 17시,수요일,전라북도 부안군 부안읍,경상사고,0,0,2,0,차대사람 - 횡단중,보행자보호의무위반,포장 - 건조,맑음,교차로 - 교차로횡단보도내,승용,남,58세,상해없음,보행자,여,7세,경상
1013,2018091900100549,2018년 9월 19일 19시,수요일,전라북도 전주시 덕진구 동산동,경상사고,0,0,1,0,차대사람 - 기타,안전운전불이행,포장 - 건조,맑음,단일로 - 기타,화물,남,60세,상해없음,보행자,남,57세,경상
1014,2018091900100627,2018년 9월 19일 21시,수요일,전라북도 전주시 덕진구 송천동2가,중상사고,0,1,0,0,차대사람 - 횡단중,안전운전불이행,포장 - 건조,맑음,단일로 - 기타,승용,여,36세,상해없음,보행자,남,49세,중상
1015,2018092000100082,2018년 9월 20일 06시,목요일,전라북도 전주시 완산구 서신동,중상사고,0,1,0,0,차대사람 - 횡단중,보행자보호의무위반,포장 - 건조,흐림,단일로 - 기타,승용,남,79세,상해없음,보행자,남,59세,중상
1016,2018092000100317,2018년 9월 20일 13시,목요일,전라북도 전주시 덕진구 우아동1가,경상사고,0,0,1,0,차대사람 - 길가장자리구역통행중,불법유턴,포장 - 건조,흐림,단일로 - 기타,승용,남,52세,상해없음,보행자,여,85세,경상
1017,2018092000100529,2018년 9월 20일 18시,목요일,전라북도 김제시 검산동,중상사고,0,1,0,0,차대사람 - 횡단중,신호위반,포장 - 건조,맑음,교차로 - 교차로안,승용,남,67세,상해없음,보행자,남,9세,중상
1018,2018092000100651,2018년 9월 20일 20시,목요일,전라북도 익산시 영등동,경상사고,0,0,1,0,차대사람 - 횡단중,안전운전불이행,포장 - 젖음/습기,비,단일로 - 기타,승용,여,24세,상해없음,보행자,남,16세,경상
1019,2018092000100717,2018년 9월 20일 22시,목요일,전라북도 군산시 나운동,경상사고,0,0,1,0,차대사람 - 횡단중,안전운전불이행,포장 - 젖음/습기,비,교차로 - 교차로부근,승용,남,46세,상해없음,보행자,여,18세,경상
1020,2018092100100037,2018년 9월 21일 01시,금요일,전라북도 전주시 덕진구 금암동,중상사고,0,1,0,0,차대사람 - 차도통행중,안전운전불이행,포장 - 건조,맑음,단일로 - 기타,승용,남,59세,상해없음,보행자,남,39세,중상
1021,2018092100100103,2018년 9월 21일 06시,금요일,전라북도 전주시 덕진구 금암동,사망사고,1,0,0,0,차대사람 - 횡단중,과속,포장 - 젖음/습기,비,교차로 - 교차로부근,승합,남,55세,상해없음,보행자,남,66세,사망
1022,2018092100100206,2018년 9월 21일 09시,금요일,전라북도 전주시 덕진구 덕진동1가,중상사고,0,1,0,0,차대사람 - 횡단중,안전운전불이행,포장 - 젖음/습기,비,단일로 - 기타,승용,여,56세,상해없음,보행자,여,70세,중상
1023,2018092100100287,2018년 9월 21일 11시,금요일,전라북도 김제시 신풍동,중상사고,0,1,0,0,차대사람 - 차도통행중,안전운전불이행,포장 - 젖음/습기,비,교차로 - 교차로안,승용,여,62세,상해없음,보행자,여,72세,중상
1024,2018092100100288,2018년 9월 21일 11시,금요일,전라북도 김제시 요촌동,중상사고,0,1,0,0,차대사람 - 길가장자리구역통행중,안전운전불이행,포장 - 젖음/습기,비,단일로 - 기타,승용,남,45세,상해없음,보행자,여,73세,중상
1025,2018092100100363,2018년 9월 21일 13시,금요일,전라북도 전주시 덕진구 송천동2가,중상사고,0,1,0,0,차대사람 - 횡단중,보행자보호의무위반,포장 - 젖음/습기,흐림,교차로 - 교차로안,승용,여,23세,상해없음,보행자,여,72세,중상
1026,2018092100100508,2018년 9월 21일 16시,금요일,전라북도 익산시 팔봉동,중상사고,0,1,0,0,차대사람 - 횡단중,신호위반,포장 - 건조,맑음,교차로 - 교차로부근,승용,여,58세,상해없음,보행자,여,7세,중상
1027,2018092100100628,2018년 9월 21일 18시,금요일,전라북도 전주시 완산구 효자동2가,경상사고,0,0,1,0,차대사람 - 기타,안전운전불이행,포장 - 건조,맑음,단일로 - 기타,승용,남,43세,상해없음,보행자,남,29세,경상
1028,2018092100100630,2018년 9월 21일 18시,금요일,전라북도 정읍시 상동,중상사고,0,1,0,0,차대사람 - 횡단중,안전운전불이행,포장 - 건조,맑음,단일로 - 교량,승용,여,36세,상해없음,보행자,여,7세,중상
1029,2018092200100014,2018년 9월 22일 00시,토요일,전라북도 전주시 완산구 삼천동1가,사망사고,1,0,0,0,차대사람 - 차도통행중,안전운전불이행,포장 - 건조,맑음,단일로 - 기타,승용,남,63세,상해없음,보행자,남,64세,사망
1030,2018092200100015,2018년 9월 22일 00시,토요일,전라북도 전주시 완산구 서노송동,중상사고,0,1,0,0,차대사람 - 기타,중앙선침범,포장 - 건조,맑음,단일로 - 기타,승용,남,55세,상해없음,보행자,남,56세,중상
1031,2018092200100016,2018년 9월 22일 00시,토요일,전라북도 전주시 완산구 평화동1가,경상사고,0,0,1,0,차대사람 - 횡단중,안전운전불이행,포장 - 건조,맑음,단일로 - 기타,승용,남,30세,상해없음,보행자,여,50세,경상
1032,2018092200100017,2018년 9월 22일 00시,토요일,전라북도 전주시 덕진구 송천동2가,경상사고,0,0,1,0,차대사람 - 보도통행중,보행자보호의무위반,포장 - 건조,맑음,교차로 - 교차로횡단보도내,승용,여,42세,상해없음,보행자,남,48세,경상
1033,2018092200100081,2018년 9월 22일 04시,토요일,전라북도 익산시 모현동1가,경상사고,0,0,1,0,차대사람 - 기타,안전운전불이행,포장 - 젖음/습기,안개,단일로 - 기타,승용,남,58세,상해없음,보행자,남,38세,경상
1034,2018092200100603,2018년 9월 22일 19시,토요일,전라북도 임실군 강진면,중상사고,0,1,0,0,차대사람 - 길가장자리구역통행중,안전운전불이행,포장 - 건조,맑음,단일로 - 기타,화물,남,48세,상해없음,보행자,남,44세,중상
1035,2018092300100177,2018년 9월 23일 13시,일요일,전라북도 전주시 완산구 교동,중상사고,0,1,0,0,차대사람 - 횡단중,안전운전불이행,포장 - 건조,맑음,단일로 - 기타,원동기,남,37세,상해없음,보행자,여,54세,중상
1036,2018092300100248,2018년 9월 23일 15시,일요일,전라북도 전주시 덕진구 진북동,경상사고,0,0,1,0,차대사람 - 기타,안전운전불이행,포장 - 건조,맑음,교차로 - 교차로안,승용,여,53세,상해없음,보행자,남,16세,경상
1037,2018092400100327,2018년 9월 24일 18시,월요일,전라북도 군산시 금동,중상사고,0,1,0,0,차대사람 - 기타,안전운전불이행,포장 - 건조,맑음,단일로 - 기타,승용,남,42세,상해없음,보행자,남,5세,중상
1038,2018092400100373,2018년 9월 24일 20시,월요일,전라북도 전주시 완산구 중노송동,경상사고,0,0,1,0,차대사람 - 횡단중,안전운전불이행,포장 - 건조,맑음,교차로 - 교차로안,승용,여,39세,상해없음,보행자,여,68세,경상
1039,2018092400100408,2018년 9월 24일 22시,월요일,전라북도 익산시 황등면,중상사고,0,1,0,0,차대사람 - 횡단중,안전운전불이행,포장 - 건조,맑음,단일로 - 기타,이륜,남,22세,상해없음,보행자,여,38세,중상
1040,2018092500100191,2018년 9월 25일 13시,화요일,전라북도 남원시 향교동,경상사고,0,0,1,0,차대사람 - 기타,안전운전불이행,포장 - 건조,맑음,주차장 - 주차장,승용,남,52세,상해없음,보행자,여,55세,경상
1041,2018092500100273,2018년 9월 25일 16시,화요일,전라북도 부안군 백산면,사망사고,1,0,0,0,차대사람 - 길가장자리구역통행중,안전운전불이행,포장 - 건조,맑음,단일로 - 기타,승용,남,54세,상해없음,보행자,여,87세,사망
1042,2018092500100441,2018년 9월 25일 21시,화요일,전라북도 부안군 부안읍,사망사고,1,0,0,0,차대사람 - 차도통행중,안전운전불이행,포장 - 건조,맑음,단일로 - 기타,승용,남,66세,상해없음,보행자,남,44세,사망
1043,2018092600100157,2018년 9월 26일 12시,수요일,전라북도 군산시 조촌동,경상사고,0,0,1,0,차대사람 - 횡단중,안전운전불이행,포장 - 건조,맑음,교차로 - 교차로안,승용,남,47세,상해없음,보행자,여,6세,경상
1044,2018092600100364,2018년 9월 26일 19시,수요일,전라북도 김제시 입석동,사망사고,2,0,0,0,차대사람 - 횡단중,안전운전불이행,포장 - 건조,맑음,단일로 - 기타,화물,남,32세,상해없음,보행자,남,58세,사망
1045,2018092700100069,2018년 9월 27일 07시,목요일,전라북도 남원시 송동면,중상사고,0,1,0,0,차대사람 - 차도통행중,안전운전불이행,포장 - 건조,맑음,단일로 - 기타,화물,남,54세,상해없음,보행자,여,73세,중상
1046,2018092700100179,2018년 9월 27일 10시,목요일,전라북도 부안군 부안읍,경상사고,0,0,1,0,차대사람 - 횡단중,보행자보호의무위반,포장 - 건조,맑음,교차로 - 교차로횡단보도내,특수,남,44세,상해없음,보행자,여,78세,경상
1047,2018092700100551,2018년 9월 27일 19시,목요일,전라북도 김제시 서암동,중상사고,0,1,0,0,차대사람 - 횡단중,보행자보호의무위반,포장 - 건조,맑음,단일로 - 기타,승용,남,40세,상해없음,보행자,여,69세,중상
1048,2018092700100633,2018년 9월 27일 22시,목요일,전라북도 정읍시 시기동,중상사고,0,1,0,0,차대사람 - 횡단중,보행자보호의무위반,포장 - 건조,맑음,교차로 - 교차로횡단보도내,승용,남,50세,상해없음,보행자,여,48세,중상
1049,2018092800100190,2018년 9월 28일 11시,금요일,전라북도 완주군 비봉면,경상사고,0,0,1,0,차대사람 - 차도통행중,안전운전불이행,포장 - 건조,맑음,단일로 - 기타,화물,남,59세,상해없음,보행자,여,86세,경상
1050,2018092800100374,2018년 9월 28일 17시,금요일,전라북도 군산시 대명동,중상사고,0,1,0,0,차대사람 - 기타,안전운전불이행,포장 - 건조,맑음,단일로 - 기타,승합,남,67세,상해없음,보행자,남,63세,중상
1051,2018092800100375,2018년 9월 28일 17시,금요일,전라북도 익산시 영등동,중상사고,0,1,0,0,차대사람 - 기타,안전운전불이행,포장 - 건조,맑음,교차로 - 교차로안,승용,남,58세,상해없음,보행자,여,60세,중상
1052,2018092900100151,2018년 9월 29일 09시,토요일,전라북도 전주시 덕진구 장동,중상사고,0,1,0,0,차대사람 - 횡단중,안전운전불이행,포장 - 건조,맑음,단일로 - 기타,건설기계,남,34세,상해없음,보행자,여,74세,중상
1053,2018092900100152,2018년 9월 29일 09시,토요일,전라북도 익산시 신동,경상사고,0,0,1,0,차대사람 - 횡단중,보행자보호의무위반,포장 - 건조,맑음,교차로 - 교차로횡단보도내,승용,남,42세,상해없음,보행자,남,50세,경상
1054,2018092900100198,2018년 9월 29일 10시,토요일,전라북도 부안군 부안읍,경상사고,0,0,1,0,차대사람 - 기타,안전운전불이행,포장 - 건조,맑음,단일로 - 기타,승용,남,60세,상해없음,보행자,남,49세,경상
1055,2018092900100612,2018년 9월 29일 23시,토요일,전라북도 전주시 완산구 다가동4가,경상사고,0,0,1,0,차대사람 - 기타,안전운전불이행,포장 - 건조,맑음,단일로 - 기타,승용,남,30세,상해없음,보행자,여,25세,경상
1056,2018093000100064,2018년 9월 30일 06시,일요일,전라북도 익산시 모현동2가,중상사고,0,1,0,0,차대사람 - 차도통행중,안전운전불이행,포장 - 건조,맑음,교차로 - 교차로안,승용,남,48세,상해없음,보행자,여,76세,중상
1057,2018093000100430,2018년 9월 30일 19시,일요일,전라북도 완주군 봉동읍,중상사고,0,1,0,0,차대사람 - 차도통행중,안전운전불이행,포장 - 건조,맑음,교차로 - 교차로안,화물,남,57세,상해없음,보행자,남,45세,중상
1058,2018093000100456,2018년 9월 30일 20시,일요일,전라북도 정읍시 수성동,중상사고,0,1,0,0,차대사람 - 횡단중,안전운전불이행,포장 - 건조,맑음,단일로 - 기타,이륜,남,26세,상해없음,보행자,여,54세,중상
1059,2018100100100033,2018년 10월 1일 04시,월요일,전라북도 익산시 신동,경상사고,0,0,1,0,차대사람 - 차도통행중,안전운전불이행,포장 - 건조,맑음,교차로 - 교차로안,승용,남,24세,상해없음,보행자,여,49세,경상
1060,2018100100100044,2018년 10월 1일 05시,월요일,전라북도 전주시 덕진구 전미동1가,사망사고,1,0,0,0,차대사람 - 횡단중,과속,포장 - 젖음/습기,흐림,교차로 - 교차로안,승용,남,50세,상해없음,보행자,여,81세,사망
1061,2018100100100181,2018년 10월 1일 10시,월요일,전라북도 군산시 미원동,중상사고,0,1,0,0,차대사람 - 기타,안전운전불이행,포장 - 건조,흐림,교차로 - 교차로부근,건설기계,남,51세,상해없음,보행자,남,81세,중상
1062,2018100100100390,2018년 10월 1일 16시,월요일,전라북도 전주시 덕진구 인후동2가,경상사고,0,0,1,0,차대사람 - 기타,안전운전불이행,포장 - 건조,맑음,기타 - 기타,승용,여,46세,상해없음,보행자,남,73세,경상
1063,2018100100100392,2018년 10월 1일 16시,월요일,전라북도 익산시 부송동,중상사고,0,1,0,0,차대사람 - 횡단중,보행자보호의무위반,포장 - 건조,맑음,교차로 - 교차로횡단보도내,승용,남,38세,상해없음,보행자,여,10세,중상
1064,2018100200100013,2018년 10월 2일 01시,화요일,전라북도 익산시 신동,중상사고,0,1,0,0,차대사람 - 기타,안전운전불이행,포장 - 건조,맑음,단일로 - 기타,이륜,남,23세,상해없음,보행자,여,27세,중상
1065,2018100200100014,2018년 10월 2일 01시,화요일,전라북도 익산시 신동,중상사고,0,1,0,0,차대사람 - 차도통행중,안전운전불이행,포장 - 건조,맑음,단일로 - 기타,이륜,남,22세,상해없음,보행자,남,25세,중상
1066,2018100200100117,2018년 10월 2일 08시,화요일,전라북도 전주시 완산구 효자동2가,중상사고,0,1,0,0,차대사람 - 횡단중,신호위반,포장 - 건조,맑음,단일로 - 기타,승용,여,49세,상해없음,보행자,여,19세,중상
1067,2018100200100263,2018년 10월 2일 12시,화요일,전라북도 익산시 남중동,중상사고,0,1,0,0,차대사람 - 기타,기타,포장 - 건조,맑음,단일로 - 기타,승합,남,62세,상해없음,보행자,여,73세,중상
1068,2018100300100096,2018년 10월 3일 05시,수요일,전라북도 장수군 장수읍,중상사고,0,1,0,0,차대사람 - 차도통행중,안전운전불이행,포장 - 젖음/습기,안개,교차로 - 교차로안,화물,남,65세,상해없음,보행자,여,64세,중상
1069,2018100300100419,2018년 10월 3일 17시,수요일,전라북도 고창군 고창읍,경상사고,0,0,1,0,차대사람 - 횡단중,보행자보호의무위반,포장 - 건조,맑음,교차로 - 교차로안,승용,여,57세,상해없음,보행자,남,9세,경상
1070,2018100300100458,2018년 10월 3일 18시,수요일,전라북도 김제시 금구면,중상사고,0,1,1,0,차대사람 - 기타,안전운전불이행,포장 - 건조,맑음,단일로 - 기타,이륜,남,76세,중상,보행자,남,55세,경상
1071,2018100400100120,2018년 10월 4일 08시,목요일,전라북도 군산시 미룡동,경상사고,0,0,2,0,차대사람 - 기타,안전운전불이행,포장 - 건조,맑음,기타 - 기타,이륜,남,21세,경상,보행자,남,20세,경상
1072,2018100400100255,2018년 10월 4일 11시,목요일,전라북도 남원시 금동,경상사고,0,0,1,0,차대사람 - 차도통행중,안전운전불이행,포장 - 건조,맑음,단일로 - 기타,승용,남,58세,상해없음,보행자,여,77세,경상
1073,2018100400100362,2018년 10월 4일 14시,목요일,전라북도 정읍시 입암면,사망사고,1,0,0,0,차대사람 - 차도통행중,안전운전불이행,포장 - 건조,맑음,교차로 - 교차로안,화물,남,56세,상해없음,보행자,여,76세,사망
1074,2018100400100515,2018년 10월 4일 18시,목요일,전라북도 전주시 덕진구 인후동1가,경상사고,0,0,1,0,차대사람 - 횡단중,안전운전불이행,포장 - 건조,맑음,단일로 - 기타,이륜,남,68세,상해없음,보행자,여,56세,경상
1075,2018100400100516,2018년 10월 4일 18시,목요일,전라북도 익산시 영등동,중상사고,0,1,0,0,차대사람 - 기타,안전운전불이행,포장 - 건조,맑음,단일로 - 기타,승용,남,37세,상해없음,보행자,남,72세,중상
1076,2018100500100064,2018년 10월 5일 05시,금요일,전라북도 전주시 덕진구 호성동1가,사망사고,1,0,0,0,차대사람 - 횡단중,안전운전불이행,포장 - 젖음/습기,비,단일로 - 기타,승용,남,35세,상해없음,보행자,남,46세,사망
1077,2018100500100219,2018년 10월 5일 10시,금요일,전라북도 전주시 완산구 효자동3가,중상사고,0,1,0,0,차대사람 - 횡단중,안전운전불이행,포장 - 젖음/습기,비,교차로 - 교차로안,승용,여,60세,상해없음,보행자,남,38세,중상
1078,2018100500100458,2018년 10월 5일 16시,금요일,전라북도 완주군 봉동읍,경상사고,0,0,1,0,차대사람 - 기타,안전운전불이행,포장 - 젖음/습기,비,교차로 - 교차로안,승용,여,52세,상해없음,보행자,여,68세,경상
1079,2018100500100505,2018년 10월 5일 17시,금요일,전라북도 군산시 산북동,중상사고,0,1,0,0,차대사람 - 횡단중,보행자보호의무위반,포장 - 젖음/습기,비,교차로 - 교차로횡단보도내,승용,여,44세,상해없음,보행자,여,39세,중상
1080,2018100500100728,2018년 10월 5일 20시,금요일,전라북도 부안군 부안읍,경상사고,0,0,1,0,차대사람 - 기타,신호위반,포장 - 젖음/습기,비,교차로 - 교차로안,승용,남,58세,상해없음,보행자,남,16세,경상
1081,2018100600100057,2018년 10월 6일 01시,토요일,전라북도 군산시 옥산면,경상사고,0,0,1,0,차대사람 - 횡단중,안전운전불이행,포장 - 젖음/습기,비,교차로 - 교차로안,승용,남,65세,상해없음,보행자,여,38세,경상
1082,2018100600100146,2018년 10월 6일 04시,토요일,전라북도 군산시 산북동,중상사고,0,1,0,0,차대사람 - 기타,안전운전불이행,포장 - 젖음/습기,맑음,기타 - 기타,승용,남,18세,상해없음,보행자,여,85세,중상
1083,2018100600100167,2018년 10월 6일 05시,토요일,전라북도 익산시 인화동2가,중상사고,0,1,0,0,차대사람 - 횡단중,과속,포장 - 젖음/습기,비,단일로 - 기타,승용,남,25세,상해없음,보행자,여,62세,중상
1084,2018100600100553,2018년 10월 6일 19시,토요일,전라북도 장수군 장수읍,경상사고,0,0,1,0,차대사람 - 기타,안전운전불이행,포장 - 건조,맑음,단일로 - 기타,승용,여,38세,상해없음,보행자,여,44세,경상
1085,2018100700100147,2018년 10월 7일 09시,일요일,전라북도 부안군 부안읍,경상사고,0,0,1,0,차대사람 - 기타,안전운전불이행,포장 - 건조,맑음,교차로 - 교차로부근,승합,남,56세,상해없음,보행자,남,82세,경상
1086,2018100700100317,2018년 10월 7일 15시,일요일,전라북도 익산시 여산면,경상사고,0,0,1,0,차대사람 - 기타,안전운전불이행,포장 - 건조,맑음,기타 - 기타,승용,여,58세,상해없음,보행자,여,42세,경상
1087,2018100700100357,2018년 10월 7일 16시,일요일,전라북도 김제시 부량면,경상사고,0,0,1,0,차대사람 - 차도통행중,안전운전불이행,포장 - 건조,맑음,단일로 - 기타,승합,남,60세,상해없음,보행자,남,62세,경상
1088,2018100700100533,2018년 10월 7일 21시,일요일,전라북도 익산시 영등동,경상사고,0,0,1,0,차대사람 - 횡단중,안전운전불이행,포장 - 건조,맑음,교차로 - 교차로안,화물,남,56세,상해없음,보행자,남,52세,경상
1089,2018100800100066,2018년 10월 8일 07시,월요일,전라북도 정읍시 수성동,중상사고,0,1,0,0,차대사람 - 기타,안전운전불이행,포장 - 건조,맑음,교차로 - 교차로안,원동기,남,41세,상해없음,보행자,여,80세,중상