,사고번호,사고일시,요일,시군구,사고내용,사망자수,중상자수,경상자수,부상신고자수,사고유형,법규위반,노면상태,기상상태,도로형태,가해운전자 차종,가해운전자 성별,가해운전자 연령,가해운전자 상해정도,피해운전자 차종,피해운전자 성별,피해운전자 연령,피해운전자 상해정도
1090,2018100800100577,2018년 10월 8일 20시,월요일,전라북도 정읍시 수성동,경상사고,0,0,1,0,차대사람 - 기타,안전운전불이행,포장 - 건조,맑음,교차로 - 교차로안,승용,남,49세,상해없음,보행자,여,30세,경상
1091,2018100800100578,2018년 10월 8일 20시,월요일,전라북도 완주군 삼례읍,중상사고,0,1,0,0,차대사람 - 기타,안전운전불이행,포장 - 건조,맑음,교차로 - 교차로횡단보도내,승합,남,58세,상해없음,보행자,남,55세,중상
1092,2018100900100012,2018년 10월 9일 00시,화요일,전라북도 전주시 덕진구 우아동3가,경상사고,0,0,1,0,차대사람 - 기타,안전운전불이행,포장 - 건조,맑음,단일로 - 기타,승용,남,61세,상해없음,보행자,남,64세,경상
1093,2018100900100219,2018년 10월 9일 12시,화요일,전라북도 남원시 죽항동,사망사고,1,0,0,0,차대사람 - 횡단중,안전운전불이행,포장 - 건조,맑음,교차로 - 교차로부근,화물,남,56세,상해없음,보행자,여,75세,사망
1094,2018100900100297,2018년 10월 9일 15시,화요일,전라북도 정읍시 시기동,경상사고,0,0,1,0,차대사람 - 횡단중,안전운전불이행,포장 - 건조,흐림,교차로 - 교차로안,승용,남,61세,상해없음,보행자,남,75세,경상
1095,2018100900100298,2018년 10월 9일 15시,화요일,전라북도 완주군 용진읍,중상사고,0,1,0,0,차대사람 - 보도통행중,보행자보호의무위반,포장 - 건조,맑음,교차로 - 교차로부근,화물,여,48세,상해없음,보행자,남,69세,중상
1096,2018100900100417,2018년 10월 9일 19시,화요일,전라북도 부안군 변산면,경상사고,0,0,1,0,차대사람 - 길가장자리구역통행중,안전운전불이행,포장 - 건조,맑음,단일로 - 기타,기타불명,기타불명,미분류,기타불명,보행자,여,17세,경상
1097,2018101000100181,2018년 10월 10일 11시,수요일,전라북도 김제시 성덕면,중상사고,0,1,0,0,차대사람 - 기타,안전운전불이행,포장 - 건조,맑음,단일로 - 기타,화물,여,62세,상해없음,보행자,남,70세,중상
1098,2018101000100565,2018년 10월 10일 23시,수요일,전라북도 전주시 완산구 효자동2가,경상사고,0,0,1,0,차대사람 - 횡단중,보행자보호의무위반,포장 - 건조,맑음,단일로 - 기타,승용,여,22세,상해없음,보행자,남,20세,경상
1099,2018101100100077,2018년 10월 11일 07시,목요일,전라북도 정읍시 수성동,중상사고,0,1,0,0,차대사람 - 횡단중,보행자보호의무위반,포장 - 건조,맑음,교차로 - 교차로횡단보도내,화물,남,27세,상해없음,보행자,남,44세,중상
1100,2018101100100148,2018년 10월 11일 09시,목요일,전라북도 전주시 덕진구 인후동2가,경상사고,0,0,1,0,차대사람 - 보도통행중,기타,포장 - 건조,맑음,기타 - 기타,승용,남,80세,기타불명,보행자,여,57세,경상
1101,2018101100100206,2018년 10월 11일 11시,목요일,전라북도 전주시 완산구 효자동2가,경상사고,0,0,1,0,차대사람 - 기타,안전운전불이행,포장 - 건조,맑음,주차장 - 주차장,승용,남,36세,상해없음,보행자,남,66세,경상
1102,2018101100100328,2018년 10월 11일 15시,목요일,전라북도 전주시 완산구 효자동1가,경상사고,0,0,1,0,차대사람 - 기타,안전운전불이행,포장 - 건조,맑음,단일로 - 기타,승용,여,34세,상해없음,보행자,여,64세,경상
1103,2018101100100368,2018년 10월 11일 16시,목요일,전라북도 전주시 완산구 평화동1가,경상사고,0,0,1,0,차대사람 - 기타,안전운전불이행,포장 - 건조,맑음,단일로 - 기타,기타불명,기타불명,미분류,기타불명,보행자,여,25세,경상
1104,2018101100100465,2018년 10월 11일 18시,목요일,전라북도 정읍시 상동,중상사고,0,1,0,0,차대사람 - 보도통행중,안전운전불이행,포장 - 건조,맑음,교차로 - 교차로안,승용,여,49세,상해없음,보행자,여,57세,중상
1105,2018101100100504,2018년 10월 11일 19시,목요일,전라북도 정읍시 상동,경상사고,0,0,1,0,차대사람 - 보도통행중,보행자보호의무위반,포장 - 건조,맑음,교차로 - 교차로횡단보도내,승용,남,39세,상해없음,보행자,남,76세,경상
1106,2018101100100566,2018년 10월 11일 21시,목요일,전라북도 익산시 창인동1가,중상사고,0,2,1,0,차대사람 - 횡단중,안전운전불이행,포장 - 건조,맑음,교차로 - 교차로안,승용,여,56세,상해없음,보행자,남,59세,중상
1107,2018101200100049,2018년 10월 12일 05시,금요일,전라북도 익산시 모현동2가,중상사고,0,1,0,0,차대사람 - 횡단중,안전운전불이행,포장 - 건조,맑음,교차로 - 교차로안,승용,남,66세,상해없음,보행자,남,78세,중상
1108,2018101200100195,2018년 10월 12일 10시,금요일,전라북도 익산시 모현동1가,경상사고,0,0,1,0,차대사람 - 횡단중,안전운전불이행,포장 - 건조,맑음,단일로 - 기타,승용,남,51세,상해없음,보행자,여,70세,경상
1109,2018101200100265,2018년 10월 12일 12시,금요일,전라북도 전주시 덕진구 우아동3가,경상사고,0,0,1,0,차대사람 - 보도통행중,기타,포장 - 건조,맑음,단일로 - 기타,승용,남,51세,상해없음,보행자,남,34세,경상
1110,2018101200100383,2018년 10월 12일 15시,금요일,전라북도 김제시 금산면,중상사고,0,1,0,0,차대사람 - 횡단중,안전운전불이행,포장 - 건조,맑음,단일로 - 기타,승용,남,80세,상해없음,보행자,여,65세,중상
1111,2018101200100526,2018년 10월 12일 18시,금요일,전라북도 전주시 덕진구 인후동1가,중상사고,0,1,0,0,차대사람 - 기타,안전운전불이행,포장 - 건조,맑음,단일로 - 기타,승용,남,55세,상해없음,보행자,여,80세,중상
1112,2018101200100527,2018년 10월 12일 18시,금요일,전라북도 군산시 소룡동,중상사고,0,1,0,0,차대사람 - 차도통행중,안전운전불이행,포장 - 건조,맑음,교차로 - 교차로안,승용,남,54세,상해없음,보행자,여,63세,중상
1113,2018101300100010,2018년 10월 13일 00시,토요일,전라북도 전주시 덕진구 송천동2가,경상사고,0,0,2,0,차대사람 - 길가장자리구역통행중,안전운전불이행,포장 - 건조,맑음,단일로 - 기타,승용,남,37세,기타불명,보행자,남,35세,경상
1114,2018101300100518,2018년 10월 13일 19시,토요일,전라북도 남원시 도통동,경상사고,0,0,1,0,차대사람 - 횡단중,안전운전불이행,포장 - 건조,맑음,단일로 - 기타,승용,남,49세,상해없음,보행자,여,54세,경상
1115,2018101400100128,2018년 10월 14일 10시,일요일,전라북도 익산시 어양동,경상사고,0,0,1,0,차대사람 - 기타,안전운전불이행,포장 - 건조,맑음,단일로 - 기타,승합,남,39세,상해없음,보행자,남,29세,경상
1116,2018101400100223,2018년 10월 14일 14시,일요일,전라북도 전주시 완산구 풍남동1가,경상사고,0,0,1,0,차대사람 - 횡단중,안전운전불이행,포장 - 건조,맑음,교차로 - 교차로안,원동기,여,23세,상해없음,보행자,남,17세,경상
1117,2018101500100049,2018년 10월 15일 06시,월요일,전라북도 군산시 나운동,경상사고,0,0,1,0,차대사람 - 차도통행중,안전운전불이행,포장 - 건조,맑음,교차로 - 교차로부근,승용,남,59세,상해없음,보행자,여,23세,경상
1118,2018101500100326,2018년 10월 15일 15시,월요일,전라북도 전주시 완산구 효자동2가,중상사고,0,1,0,0,차대사람 - 횡단중,보행자보호의무위반,포장 - 건조,맑음,교차로 - 교차로횡단보도내,승용,여,45세,상해없음,보행자,여,22세,중상
1119,2018101500100432,2018년 10월 15일 18시,월요일,전라북도 전주시 완산구 대성동,중상사고,0,1,0,0,차대사람 - 횡단중,보행자보호의무위반,포장 - 건조,맑음,교차로 - 교차로횡단보도내,승용,여,48세,상해없음,보행자,여,74세,중상
1120,2018101500100487,2018년 10월 15일 19시,월요일,전라북도 익산시 어양동,경상사고,0,0,1,0,차대사람 - 횡단중,안전운전불이행,포장 - 건조,맑음,교차로 - 교차로안,승용,남,27세,상해없음,보행자,남,41세,경상
1121,2018101600100058,2018년 10월 16일 06시,화요일,전라북도 군산시 해망동,경상사고,0,0,1,0,차대사람 - 기타,안전운전불이행,포장 - 젖음/습기,안개,기타 - 기타,화물,남,58세,상해없음,보행자,여,59세,경상
1122,2018101600100227,2018년 10월 16일 12시,화요일,전라북도 익산시 중앙동3가,중상사고,0,1,0,0,차대사람 - 보도통행중,기타,포장 - 건조,맑음,단일로 - 기타,자전거,여,71세,상해없음,보행자,여,70세,중상
1123,2018101600100290,2018년 10월 16일 14시,화요일,전라북도 정읍시 수성동,중상사고,0,1,0,0,차대사람 - 기타,보행자보호의무위반,포장 - 건조,맑음,교차로 - 교차로안,화물,남,52세,상해없음,보행자,여,43세,중상
1124,2018101700100033,2018년 10월 17일 03시,수요일,전라북도 군산시 해망동,경상사고,0,0,1,0,차대사람 - 기타,안전운전불이행,포장 - 건조,맑음,교차로 - 교차로안,승용,여,65세,상해없음,보행자,여,65세,경상
1125,2018101700100104,2018년 10월 17일 08시,수요일,전라북도 익산시 송학동,경상사고,0,0,1,0,차대사람 - 횡단중,보행자보호의무위반,포장 - 건조,맑음,교차로 - 교차로횡단보도내,승용,여,41세,상해없음,보행자,여,31세,경상
1126,2018101700100280,2018년 10월 17일 13시,수요일,전라북도 순창군 순창읍,중상사고,0,1,0,0,차대사람 - 보도통행중,기타,포장 - 건조,맑음,기타 - 기타,승용,남,38세,상해없음,보행자,여,54세,중상
1127,2018101700100331,2018년 10월 17일 14시,수요일,전라북도 정읍시 장명동,중상사고,0,1,0,0,차대사람 - 횡단중,보행자보호의무위반,포장 - 건조,맑음,단일로 - 기타,승용,남,26세,상해없음,보행자,여,58세,중상
1128,2018101700100372,2018년 10월 17일 15시,수요일,전라북도 군산시 나운동,경상사고,0,0,1,0,차대사람 - 기타,안전운전불이행,포장 - 건조,맑음,교차로 - 교차로부근,승용,여,56세,상해없음,보행자,남,13세,경상
1129,2018101700100465,2018년 10월 17일 17시,수요일,전라북도 전주시 완산구 서신동,경상사고,0,0,2,0,차대사람 - 차도통행중,안전운전불이행,포장 - 건조,맑음,단일로 - 기타,승용,여,57세,상해없음,보행자,여,37세,경상
1130,2018101700100517,2018년 10월 17일 18시,수요일,전라북도 남원시 노암동,중상사고,0,1,0,0,차대사람 - 횡단중,보행자보호의무위반,포장 - 건조,맑음,교차로 - 교차로횡단보도내,승용,남,57세,상해없음,보행자,여,82세,중상
1131,2018101800100163,2018년 10월 18일 09시,목요일,전라북도 전주시 완산구 고사동,중상사고,0,1,0,0,차대사람 - 횡단중,보행자보호의무위반,포장 - 건조,맑음,교차로 - 교차로횡단보도내,승용,남,60세,상해없음,보행자,여,78세,중상
1132,2018101800100225,2018년 10월 18일 11시,목요일,전라북도 전주시 덕진구 인후동2가,중상사고,0,1,0,0,차대사람 - 기타,보행자보호의무위반,포장 - 건조,기타,단일로 - 기타,승용,남,55세,상해없음,보행자,여,78세,중상
1133,2018101800100226,2018년 10월 18일 11시,목요일,전라북도 남원시 이백면,경상사고,0,0,1,0,차대사람 - 길가장자리구역통행중,안전운전불이행,포장 - 건조,맑음,단일로 - 기타,화물,남,71세,상해없음,보행자,여,77세,경상
1134,2018101800100284,2018년 10월 18일 13시,목요일,전라북도 김제시 금구면,중상사고,0,1,0,0,차대사람 - 차도통행중,안전운전불이행,포장 - 건조,맑음,단일로 - 기타,승용,남,64세,상해없음,보행자,여,71세,중상
1135,2018101800100354,2018년 10월 18일 15시,목요일,전라북도 익산시 오산면,중상사고,0,1,0,0,차대사람 - 횡단중,안전운전불이행,포장 - 건조,맑음,단일로 - 기타,승용,남,69세,상해없음,보행자,남,77세,중상
1136,2018101800100556,2018년 10월 18일 19시,목요일,전라북도 익산시 어양동,중상사고,0,1,0,0,차대사람 - 횡단중,보행자보호의무위반,포장 - 건조,맑음,교차로 - 교차로횡단보도내,승용,남,26세,상해없음,보행자,여,45세,중상
1137,2018101800100557,2018년 10월 18일 19시,목요일,전라북도 익산시 신동,경상사고,0,0,1,0,차대사람 - 횡단중,보행자보호의무위반,포장 - 건조,맑음,교차로 - 교차로횡단보도내,화물,남,43세,상해없음,보행자,남,14세,경상
1138,2018101900100066,2018년 10월 19일 06시,금요일,전라북도 전주시 완산구 중노송동,중상사고,0,1,0,0,차대사람 - 횡단중,안전운전불이행,포장 - 건조,맑음,단일로 - 기타,승용,남,49세,상해없음,보행자,여,64세,중상
1139,2018101900100126,2018년 10월 19일 08시,금요일,전라북도 전주시 완산구 서신동,중상사고,0,1,0,0,차대사람 - 횡단중,안전운전불이행,포장 - 건조,맑음,교차로 - 교차로안,승용,여,40세,상해없음,보행자,남,33세,중상
1140,2018101900100257,2018년 10월 19일 11시,금요일,전라북도 전주시 덕진구 동산동,경상사고,0,0,1,0,차대사람 - 횡단중,안전운전불이행,포장 - 건조,맑음,교차로 - 교차로안,승용,여,51세,상해없음,보행자,여,60세,경상
1141,2018101900100344,2018년 10월 19일 13시,금요일,전라북도 전주시 완산구 전동,경상사고,0,0,1,0,차대사람 - 횡단중,안전운전불이행,포장 - 건조,맑음,교차로 - 교차로부근,승용,남,47세,상해없음,보행자,여,62세,경상
1142,2018101900100345,2018년 10월 19일 13시,금요일,전라북도 전주시 덕진구 우아동3가,중상사고,0,1,0,0,차대사람 - 기타,안전운전불이행,포장 - 건조,맑음,단일로 - 기타,승용,남,49세,상해없음,보행자,여,70세,중상
1143,2018101900100428,2018년 10월 19일 15시,금요일,전라북도 부안군 부안읍,경상사고,0,0,1,0,차대사람 - 기타,안전운전불이행,포장 - 건조,맑음,교차로 - 교차로안,승용,남,24세,상해없음,보행자,여,71세,경상
1144,2018101900100472,2018년 10월 19일 16시,금요일,전라북도 남원시 금동,사망사고,1,0,0,0,차대사람 - 기타,안전운전불이행,포장 - 건조,맑음,기타 - 기타,승용,남,42세,상해없음,보행자,여,86세,사망
1145,2018102000100580,2018년 10월 20일 18시,토요일,전라북도 전주시 완산구 평화동1가,중상사고,0,1,0,0,차대사람 - 길가장자리구역통행중,안전운전불이행,포장 - 건조,맑음,기타 - 기타,승용,남,39세,상해없음,보행자,여,78세,중상
1146,2018102000100581,2018년 10월 20일 18시,토요일,전라북도 익산시 마동,중상사고,0,1,0,0,차대사람 - 횡단중,안전운전불이행,포장 - 건조,맑음,단일로 - 기타,승용,여,61세,상해없음,보행자,여,17세,중상
1147,2018102000100724,2018년 10월 20일 21시,토요일,전라북도 군산시 문화동,경상사고,0,0,1,0,차대사람 - 횡단중,보행자보호의무위반,포장 - 건조,맑음,교차로 - 교차로횡단보도내,승용,남,56세,상해없음,보행자,남,26세,경상
1148,2018102000100769,2018년 10월 20일 23시,토요일,전라북도 군산시 수송동,경상사고,0,0,1,0,차대사람 - 횡단중,보행자보호의무위반,포장 - 건조,맑음,교차로 - 교차로횡단보도내,승용,남,23세,기타불명,보행자,남,23세,경상
1149,2018102100100233,2018년 10월 21일 13시,일요일,전라북도 완주군 소양면,중상사고,0,1,0,0,차대사람 - 기타,안전운전불이행,포장 - 건조,맑음,단일로 - 기타,건설기계,남,67세,상해없음,보행자,여,61세,중상
1150,2018102100100265,2018년 10월 21일 14시,일요일,전라북도 남원시 산내면,경상사고,0,0,1,0,차대사람 - 기타,안전운전불이행,포장 - 건조,맑음,단일로 - 기타,화물,남,68세,상해없음,보행자,남,58세,경상
1151,2018102100100335,2018년 10월 21일 16시,일요일,전라북도 익산시 부송동,중상사고,0,1,0,0,차대사람 - 횡단중,안전운전불이행,포장 - 건조,맑음,단일로 - 기타,승용,남,62세,상해없음,보행자,남,54세,중상
1152,2018102100100336,2018년 10월 21일 16시,일요일,전라북도 김제시 금구면,사망사고,1,0,0,0,차대사람 - 기타,안전운전불이행,포장 - 건조,맑음,단일로 - 기타,화물,남,38세,상해없음,보행자,남,79세,사망
1153,2018102100100337,2018년 10월 21일 16시,일요일,전라북도 완주군 삼례읍,경상사고,0,0,1,0,차대사람 - 기타,안전운전불이행,포장 - 건조,맑음,단일로 - 기타,승용,여,46세,상해없음,보행자,여,67세,경상
1154,2018102100100495,2018년 10월 21일 20시,일요일,전라북도 완주군 삼례읍,중상사고,0,1,0,0,차대사람 - 횡단중,안전운전불이행,포장 - 건조,맑음,단일로 - 기타,승용,남,21세,상해없음,보행자,남,73세,중상
1155,2018102200100126,2018년 10월 22일 09시,월요일,전라북도 익산시 신동,경상사고,0,0,1,0,차대사람 - 횡단중,보행자보호의무위반,포장 - 건조,맑음,교차로 - 교차로횡단보도내,승용,남,71세,상해없음,보행자,여,79세,경상
1156,2018102200100318,2018년 10월 22일 15시,월요일,전라북도 고창군 고창읍,경상사고,0,0,1,0,차대사람 - 기타,안전운전불이행,포장 - 건조,맑음,교차로 - 교차로부근,승용,남,69세,상해없음,보행자,여,56세,경상
1157,2018102200100504,2018년 10월 22일 19시,월요일,전라북도 익산시 남중동,중상사고,0,1,0,0,차대사람 - 횡단중,보행자보호의무위반,포장 - 건조,맑음,교차로 - 교차로횡단보도내,승용,남,25세,상해없음,보행자,남,65세,중상
1158,2018102200100557,2018년 10월 22일 21시,월요일,전라북도 군산시 신창동,경상사고,0,0,1,0,차대사람 - 횡단중,안전운전불이행,포장 - 건조,흐림,교차로 - 교차로부근,승용,남,43세,상해없음,보행자,남,62세,경상
1159,2018102300100278,2018년 10월 23일 13시,화요일,전라북도 정읍시 상동,중상사고,0,1,0,0,차대사람 - 기타,기타,포장 - 건조,맑음,기타 - 기타,승합,남,59세,상해없음,보행자,여,85세,중상
1160,2018102300100463,2018년 10월 23일 18시,화요일,전라북도 전주시 완산구 서신동,경상사고,0,0,1,0,차대사람 - 횡단중,안전운전불이행,포장 - 건조,맑음,단일로 - 기타,기타불명,기타불명,미분류,기타불명,보행자,여,74세,경상
1161,2018102300100596,2018년 10월 23일 22시,화요일,전라북도 전주시 덕진구 송천동1가,중상사고,0,1,0,0,차대사람 - 횡단중,신호위반,포장 - 건조,맑음,교차로 - 교차로안,승용,남,62세,상해없음,보행자,남,67세,중상
1162,2018102400100126,2018년 10월 24일 08시,수요일,전라북도 군산시 구암동,중상사고,0,1,0,0,차대사람 - 횡단중,안전운전불이행,포장 - 건조,맑음,단일로 - 기타,승용,여,33세,상해없음,보행자,여,75세,중상
1163,2018102400100127,2018년 10월 24일 08시,수요일,전라북도 익산시 남중동,경상사고,0,0,1,0,차대사람 - 횡단중,보행자보호의무위반,포장 - 건조,맑음,교차로 - 교차로횡단보도내,승용,남,38세,상해없음,보행자,여,25세,경상
1164,2018102400100208,2018년 10월 24일 10시,수요일,전라북도 익산시 인화동1가,중상사고,0,1,0,0,차대사람 - 보도통행중,안전운전불이행,포장 - 건조,맑음,교차로 - 교차로안,승용,여,53세,상해없음,보행자,여,62세,중상
1165,2018102400100307,2018년 10월 24일 13시,수요일,전라북도 익산시 신흥동,중상사고,0,1,0,0,차대사람 - 횡단중,보행자보호의무위반,포장 - 건조,맑음,교차로 - 교차로안,건설기계,남,58세,상해없음,보행자,남,76세,중상
1166,2018102400100553,2018년 10월 24일 18시,수요일,전라북도 전주시 덕진구 진북동,경상사고,0,0,1,0,차대사람 - 횡단중,보행자보호의무위반,포장 - 건조,맑음,단일로 - 기타,승용,남,61세,상해없음,보행자,여,35세,경상
1167,2018102400100555,2018년 10월 24일 18시,수요일,전라북도 익산시 용제동,중상사고,0,1,0,0,차대사람 - 차도통행중,안전운전불이행,포장 - 건조,맑음,단일로 - 기타,기타불명,기타불명,미분류,기타불명,보행자,여,77세,중상
1168,2018102400100556,2018년 10월 24일 18시,수요일,전라북도 고창군 고창읍,중상사고,0,1,0,0,차대사람 - 횡단중,보행자보호의무위반,포장 - 건조,맑음,교차로 - 교차로횡단보도내,승용,여,50세,상해없음,보행자,여,88세,중상
1169,2018102400100608,2018년 10월 24일 19시,수요일,전라북도 익산시 부송동,경상사고,0,0,1,0,차대사람 - 횡단중,안전운전불이행,포장 - 건조,맑음,단일로 - 기타,원동기,남,28세,상해없음,보행자,남,58세,경상
1170,2018102400100719,2018년 10월 24일 22시,수요일,전라북도 전주시 완산구 서완산동1가,중상사고,0,1,0,0,차대사람 - 기타,안전운전불이행,포장 - 건조,맑음,단일로 - 기타,승용,여,48세,상해없음,보행자,남,70세,중상
1171,2018102500100061,2018년 10월 25일 06시,목요일,전라북도 정읍시 북면,중상사고,0,1,0,0,차대사람 - 차도통행중,안전운전불이행,포장 - 건조,맑음,교차로 - 교차로부근,화물,남,50세,상해없음,보행자,남,77세,중상
1172,2018102500100349,2018년 10월 25일 14시,목요일,전라북도 전주시 완산구 서서학동,중상사고,0,1,0,0,차대사람 - 횡단중,안전운전불이행,포장 - 건조,맑음,교차로 - 교차로안,승용,여,66세,상해없음,보행자,남,79세,중상
1173,2018102500100350,2018년 10월 25일 14시,목요일,전라북도 전주시 완산구 효자동3가,중상사고,0,1,0,0,차대사람 - 횡단중,안전운전불이행,포장 - 건조,맑음,단일로 - 기타,승용,여,43세,상해없음,보행자,남,57세,중상
1174,2018102500100397,2018년 10월 25일 15시,목요일,전라북도 군산시 장미동,중상사고,0,1,0,0,차대사람 - 기타,보행자보호의무위반,포장 - 건조,맑음,교차로 - 교차로안,승용,남,54세,상해없음,보행자,여,61세,중상
1175,2018102600100204,2018년 10월 26일 11시,금요일,전라북도 익산시 마동,중상사고,0,1,0,0,차대사람 - 기타,안전운전불이행,포장 - 젖음/습기,비,단일로 - 기타,기타불명,기타불명,미분류,기타불명,보행자,여,88세,중상
1176,2018102600100206,2018년 10월 26일 11시,금요일,전라북도 정읍시 수성동,경상사고,0,0,1,0,차대사람 - 횡단중,안전운전불이행,포장 - 젖음/습기,비,교차로 - 교차로부근,화물,남,70세,상해없음,보행자,여,62세,경상
1177,2018102600100235,2018년 10월 26일 12시,금요일,전라북도 김제시 만경읍,경상사고,0,0,1,0,차대사람 - 길가장자리구역통행중,안전운전불이행,포장 - 젖음/습기,비,단일로 - 기타,승용,남,82세,상해없음,보행자,남,24세,경상
1178,2018102600100306,2018년 10월 26일 14시,금요일,전라북도 정읍시 시기동,경상사고,0,0,1,0,차대사람 - 횡단중,신호위반,포장 - 젖음/습기,비,교차로 - 교차로부근,기타불명,기타불명,미분류,기타불명,보행자,남,14세,경상
1179,2018102600100476,2018년 10월 26일 18시,금요일,전라북도 익산시 영등동,중상사고,0,1,0,0,차대사람 - 횡단중,보행자보호의무위반,포장 - 건조,맑음,단일로 - 기타,승용,남,47세,상해없음,보행자,여,79세,중상
1180,2018102600100477,2018년 10월 26일 18시,금요일,전라북도 익산시 송학동,중상사고,0,1,0,0,차대사람 - 횡단중,안전운전불이행,포장 - 젖음/습기,흐림,교차로 - 교차로안,승용,여,42세,상해없음,보행자,여,82세,중상
1181,2018102600100479,2018년 10월 26일 18시,금요일,전라북도 정읍시 정우면,사망사고,1,0,0,0,차대사람 - 차도통행중,안전운전불이행,포장 - 젖음/습기,비,단일로 - 기타,화물,여,71세,상해없음,보행자,여,52세,사망
1182,2018102600100560,2018년 10월 26일 19시,금요일,전라북도 전주시 덕진구 팔복동1가,경상사고,0,0,1,0,차대사람 - 횡단중,안전운전불이행,포장 - 건조,맑음,단일로 - 기타,승용,남,64세,상해없음,보행자,남,53세,경상
1183,2018102600100561,2018년 10월 26일 19시,금요일,전라북도 군산시 나운동,중상사고,0,1,0,0,차대사람 - 보도통행중,안전운전불이행,포장 - 건조,맑음,교차로 - 교차로부근,승용,남,71세,상해없음,보행자,남,56세,중상
1184,2018102600100562,2018년 10월 26일 19시,금요일,전라북도 군산시 동흥남동,중상사고,0,1,0,0,차대사람 - 기타,안전운전불이행,포장 - 건조,맑음,기타 - 기타,승용,여,38세,상해없음,보행자,남,39세,중상
1185,2018102600100644,2018년 10월 26일 21시,금요일,전라북도 전주시 완산구 서완산동1가,경상사고,0,0,1,0,차대사람 - 횡단중,보행자보호의무위반,포장 - 젖음/습기,비,교차로 - 교차로횡단보도내,승용,남,58세,상해없음,보행자,여,71세,경상
1186,2018102600100645,2018년 10월 26일 21시,금요일,전라북도 고창군 고창읍,중상사고,0,2,0,0,차대사람 - 횡단중,안전운전불이행,포장 - 젖음/습기,흐림,단일로 - 기타,승용,남,33세,중상,보행자,여,54세,중상
1187,2018102600100698,2018년 10월 26일 23시,금요일,전라북도 완주군 삼례읍,중상사고,0,1,0,0,차대사람 - 차도통행중,안전운전불이행,포장 - 젖음/습기,비,교차로 - 교차로부근,승합,남,52세,상해없음,보행자,남,48세,중상
1188,2018102700100280,2018년 10월 27일 12시,토요일,전라북도 군산시 나운동,중상사고,0,1,0,0,차대사람 - 횡단중,안전운전불이행,포장 - 건조,맑음,단일로 - 기타,승용,남,53세,상해없음,보행자,여,10세,중상
1189,2018102700100281,2018년 10월 27일 12시,토요일,전라북도 김제시 검산동,중상사고,0,1,0,0,차대사람 - 횡단중,안전운전불이행,포장 - 건조,맑음,단일로 - 기타,승용,남,36세,상해없음,보행자,여,48세,중상
1190,2018102700100352,2018년 10월 27일 14시,토요일,전라북도 전주시 완산구 동서학동,경상사고,0,0,1,0,차대사람 - 기타,안전운전불이행,포장 - 건조,맑음,단일로 - 기타,기타불명,기타불명,미분류,기타불명,보행자,남,20세,경상
1191,2018102700100589,2018년 10월 27일 19시,토요일,전라북도 남원시 도통동,경상사고,0,0,1,0,차대사람 - 횡단중,보행자보호의무위반,포장 - 건조,맑음,교차로 - 교차로횡단보도내,승용,남,57세,상해없음,보행자,남,54세,경상
1192,2018102700100712,2018년 10월 27일 23시,토요일,전라북도 익산시 신동,중상사고,0,1,0,0,차대사람 - 횡단중,안전운전불이행,포장 - 건조,맑음,교차로 - 교차로안,승용,여,35세,상해없음,보행자,남,21세,중상
1193,2018102800100103,2018년 10월 28일 07시,일요일,전라북도 전주시 덕진구 금암동,경상사고,0,0,1,0,차대사람 - 기타,안전운전불이행,포장 - 건조,맑음,교차로 - 교차로부근,승용,여,70세,상해없음,보행자,여,23세,경상
1194,2018102800100298,2018년 10월 28일 15시,일요일,전라북도 전주시 덕진구 덕진동2가,경상사고,0,0,1,0,차대사람 - 기타,보행자보호의무위반,포장 - 젖음/습기,비,교차로 - 교차로안,승용,남,63세,상해없음,보행자,여,71세,경상
1195,2018102800100407,2018년 10월 28일 18시,일요일,전라북도 군산시 소룡동,부상신고사고,0,0,0,1,차대사람 - 길가장자리구역통행중,안전운전불이행,포장 - 젖음/습기,흐림,단일로 - 기타,승용,남,68세,상해없음,보행자,여,40세,부상신고
1196,2018102900100056,2018년 10월 29일 06시,월요일,전라북도 익산시 신동,경상사고,0,0,1,0,차대사람 - 횡단중,신호위반,포장 - 건조,맑음,교차로 - 교차로안,승용,남,51세,상해없음,보행자,여,24세,경상